ESA_SCENENAME,DATA_PARTITION,XVIEW3_SCENENAME
S1B_IW_GRDH_1SDV_20200407T185759_20200407T185824_021042_027EAA_107A,public,b5857d9d4719c304p
S1B_IW_GRDH_1SDV_20200803T062012_20200803T062037_022755_02B2F6_ED2D,public,0d30f9dfc2891b6bp
S1B_IW_GRDH_1SDV_20200728T164039_20200728T164104_022674_02B099_A8ED,public,dfa80e10f1e1e51cp
S1B_IW_GRDH_1SDV_20200802T054007_20200802T054032_022740_02B28A_034B,public,b0b4729bdfa985b4p
S1B_IW_GRDH_1SDV_20201026T062014_20201026T062039_023980_02D93F_309F,public,66a20d213523e230p
S1B_IW_GRDH_1SDV_20200205T062005_20200205T062030_020130_02619D_7A88,public,570f8bf76cac1d94p
S1B_IW_GRDH_1SDV_20200908T062014_20200908T062039_023280_02C35D_6CFF,public,d1318f6812c769d9p
S1B_IW_GRDH_1SDV_20200827T075723_20200827T075748_023106_02BDE7_5BE1,public,5b44fe761873df4dp
S1A_IW_GRDH_1SDV_20200320T185905_20200320T185930_031763_03A9E6_9F1D,public,2afbfbcc8499a514p
S1B_IW_GRDH_1SDV_20201109T185858_20201109T185931_024192_02DFCD_63C0,public,52f79458b164cd8dp
S1A_IW_GRDH_1SDV_20201110T185132_20201110T185200_035190_041BCB_0D41,public,f83a117333641141p
S1A_IW_GRDH_1SDV_20200710T164120_20200710T164145_033395_03DE8B_8786,public,9ff6ca8c41ef83d6p
S1B_IW_GRDH_1SDV_20201002T062014_20201002T062039_023630_02CE51_552C,public,84bc065b1b9de04ep
S1B_IW_GRDH_1SDV_20201119T062014_20201119T062039_024330_02E422_C4AD,public,4c01ad905c337972p
S1B_IW_GRDH_1SDV_20200709T054005_20200709T054030_022390_02A7EC_68FE,public,164729ae0bbc2358p
S1B_IW_GRDH_1SDV_20200616T075649_20200616T075719_022056_029DB8_8BB5,public,76cdbc9b5865bacap
S1A_IW_GRDH_1SDV_20200703T054055_20200703T054120_033286_03DB49_23C4,public,7119b11a38e7c715p
S1A_IW_GRDH_1SDV_20200811T185937_20200811T190011_033863_03ED4C_CBF8,public,ac5b67aba4447d6bp
S1B_IW_GRDH_1SDV_20200628T075719_20200628T075744_022231_02A312_E563,public,f82beb9dab464678p
S1B_IW_GRDH_1SDV_20201014T062014_20201014T062039_023805_02D3C1_C2DF,public,0bc18737319f2ce6p
S1B_IW_GRDH_1SDV_20200501T060408_20200501T060433_021384_028978_EFB9,public,8decb780ddc167b9p
S1A_IW_GRDH_1SDV_20201005T171004_20201005T171030_034664_04098A_84F6,public,dddd245098f44e34p
S1B_IW_GRDH_1SDV_20200630T171751_20200630T171816_022266_02A428_8AA3,public,73dfbbae75e2c4afp
S1B_IW_GRDH_1SDV_20200126T171746_20200126T171811_019991_025D16_859D,public,97e4833c46771a67p
S1A_IW_GRDH_1SDV_20200626T054840_20200626T054905_033184_03D81D_52EB,public,a9d696790d9049e4p
S1B_IW_GRDH_1SDV_20200824T170945_20200824T171010_023068_02BCC8_6EE0,public,c955f0f8ab5fba60p
S1B_IW_GRDH_1SDV_20200414T170938_20200414T171003_021143_0281E5_204C,public,a120eaecce41a817p
S1A_IW_GRDH_1SDV_20201024T054845_20201024T054910_034934_0412E3_1B1C,public,208a9d1f469a80e1p
S1A_IW_GRDH_1SDV_20200514T055646_20200514T055711_032557_03C550_C8A7,public,8bac7ec905895b12p
S1A_IW_GRDH_1SDV_20200514T170957_20200514T171022_032564_03C58C_99AC,public,147ff9559f6c4acap
S1A_IW_GRDH_1SDV_20200801T054842_20200801T054907_033709_03E829_86A3,public,a530e2211543439fp
S1B_IW_GRDH_1SDV_20200421T054811_20200421T054836_021238_0284D5_B0CE,public,f9fd0c2000d1a632p
S1B_IW_GRDH_1SDV_20200726T054816_20200726T054841_022638_02AF72_3AF8,public,9fb688d5679f0d52p
S1B_IW_GRDH_1SDV_20200905T170946_20200905T171011_023243_02C237_B850,public,91706faae26617dfp
S1A_IW_GRDH_1SDV_20200607T055647_20200607T055712_032907_03CFCE_4DC7,public,faa8f01547a98a3dp
S1A_IW_GRDH_1SDV_20200420T055645_20200420T055710_032207_03B994_B068,public,c078ff51eb54a68fp
S1B_IW_GRDH_1SDV_20200625T055553_20200625T055618_022186_02A1B9_8E4E,public,a81e8e14f1088dd6p
S1A_IW_GRDH_1SDV_20200906T054844_20200906T054909_034234_03FA57_4B3B,public,fb8dc6ae0258a3afp
S1A_IW_GRDH_1SDV_20200702T050318_20200702T050343_033271_03DAD5_4978,public,96243441ec3405bdp
S1A_IW_GRDH_1SDV_20200322T054835_20200322T054900_031784_03AAA2_49F1,public,55281e894b4445dfp
S1A_IW_GRDH_1SDV_20200401T171834_20200401T171903_031937_03B005_A062,public,ef2b8625068f4a2cp
S1B_IW_GRDH_1SDV_20200719T170943_20200719T171008_022543_02AC8D_221C,public,4159a9f531f3d47bp
S1B_IW_GRDH_1SDV_20200929T055558_20200929T055623_023586_02CD07_B12F,public,65ae570b5b68a457p
S1A_IW_GRDH_1SDV_20200502T170956_20200502T171022_032389_03BFFF_9880,public,0e4184cf9349fd21p
S1B_IW_GRDH_1SDV_20200316T054745_20200316T054810_020713_027441_4612,public,ec00f105aafbade6p
S1A_IW_GRDH_1SDV_20200509T054837_20200509T054902_032484_03C30B_9BF0,public,3490e55a56c16bb2p
S1B_IW_GRDH_1SDV_20201104T055558_20201104T055623_024111_02DD56_36BD,public,8fa41141d2deecddp
S1B_IW_GRDH_1SDV_20200618T060410_20200618T060435_022084_029E8D_644B,public,5821c24475598bd2p
S1B_IW_GRDH_1SDV_20201004T060416_20201004T060441_023659_02CF3D_6A47,public,135ab4d000212316p
S1B_IW_GRDH_1SDV_20201030T054755_20201030T054820_024038_02DB0C_2AFA,public,bd1cc97a119f32a7p
S1A_IW_GRDH_1SDV_20201129T054844_20201129T054909_035459_04250C_BE6A,public,c67bdcb0b2e1900dp
S1B_IW_GRDH_1SDV_20200625T170916_20200625T170941_022193_02A1E6_624F,public,47a6c015656e8b59p
S1B_IW_GRDH_1SDV_20200426T055549_20200426T055614_021311_02873C_2183,public,3a0fff47ada3e269p
S1B_IW_GRDH_1SDV_20200601T055616_20200601T055641_021836_029727_F743,public,e0014d3f663cb473p
S1A_IW_GRDH_1SDV_20200830T171003_20200830T171029_034139_03F712_BA62,public,2e34969519aa0560p
S1B_IW_GRDH_1SDV_20200626T050236_20200626T050301_022200_02A222_69AA,public,b3e3e7e69363dc60p
S1B_IW_GRDH_1SDV_20200608T054749_20200608T054814_021938_029A23_508E,public,91d26819874ac012p
S1B_IW_GRDH_1SDV_20200314T171746_20200314T171811_020691_027391_8C72,public,b771e72b21c08775p
S1A_IW_GRDH_1SDV_20200228T050602_20200228T050627_031448_039EE1_8F31,public,7eb473e8530ad759p
S1A_IW_GRDH_1SDV_20200930T054845_20200930T054910_034584_0406B4_7FC0,public,9afdf1b6ba2e069ep
S1B_IW_GRDH_1SDV_20200226T055613_20200226T055638_020436_026B88_D533,public,a82a5752dc3b9169p
S1A_IW_GRDH_1SDV_20200310T054835_20200310T054900_031609_03A47D_D6B9,public,cf10d2ab427c6aedp
S1B_IW_GRDH_1SDV_20200407T060407_20200407T060432_021034_027E6A_D652,public,dff6047c947e8fb6p
S1A_IW_GRDH_1SDV_20200520T174433_20200520T174458_032652_03C821_AC6B,public,4b79e501f41ae24bp
S1B_IW_GRDH_1SDV_20201001T054009_20201001T054034_023615_02CDE1_B68E,public,a8e857e0c0b75cc0p
S1A_IW_GRDH_1SDV_20201022T171800_20201022T171832_034912_04121B_BDD1,public,860e65f9f3191ffdp
S1A_IW_GRDH_1SDV_20200531T171754_20200531T171825_032812_03CCF9_FC29,public,4b1b83716a642acdp
S1A_IW_GRDH_1SDV_20200613T174435_20200613T174500_033002_03D297_6D0D,public,1be38ac46108f3d6p
S1B_IW_GRDH_1SDV_20200421T165735_20200421T165800_021245_028510_9DFF,public,f2d3f202f288915fp
S1A_IW_GRDH_1SDV_20200416T050718_20200416T050743_032148_03B770_081A,public,8e8df9a7440c1243p
S1A_IW_GRDH_1SDV_20200817T051934_20200817T051959_033942_03F017_3D88,public,a68987254d557111p
S1A_IW_GRDH_1SDV_20201024T165827_20201024T165852_034941_04131D_3A3F,public,f72465088b4c4276p
S1A_IW_GRDH_1SDV_20200618T053000_20200618T053029_033067_03D4A5_375E,public,378b5295550233fdp
S1A_IW_GRDH_1SDV_20201011T174441_20201011T174506_034752_040C98_2529,public,10db2e85bdb83803p
S1A_IW_GRDH_1SDV_20200414T051115_20200414T051140_032119_03B672_1A9B,public,ead5ce0a5460a901p
S1B_IW_GRDH_1SDV_20200907T054009_20200907T054034_023265_02C2E7_62EE,public,f8faec96336219e9p
S1A_IW_GRDH_1SDV_20200621T054055_20200621T054120_033111_03D5F8_3550,public,04584ce7faec545dp
S1A_IW_GRDH_1SDV_20200426T052148_20200426T052217_032294_03BC94_C5B0,public,4f1ac44118a7cc96p
S1A_IW_GRDH_1SDV_20200930T054910_20200930T054935_034584_0406B4_17E7,public,e3a1d9e56b75258ap
S1B_IW_GRDH_1SDV_20201123T165743_20201123T165808_024395_02E63D_7734,public,ffc117c4c9e3e523p
S1A_IW_GRDH_1SDV_20200128T051343_20200128T051412_030996_038F5F_B1EB,public,e2bbd74535e7c15ep
S1A_IW_GRDH_1SDV_20200922T051935_20200922T052000_034467_0402A8_AFAE,public,6ed4301901fa31fbp
S1A_IW_GRDH_1SDV_20200509T165819_20200509T165844_032491_03C341_6486,public,e1860cdaa987d3bbp
S1A_IW_GRDH_1SDV_20201018T051421_20201018T051446_034846_040FF3_76A1,public,f77492d9a28db605p
S1A_IW_GRDH_1SDV_20200425T171752_20200425T171823_032287_03BC53_1F42,public,5f9ed0bd30dcdbafp
S1B_IW_GRDH_1SDV_20200919T054009_20200919T054034_023440_02C861_C12B,public,7c57843242b0201fp
S1A_IW_GRDH_1SDV_20200316T051342_20200316T051411_031696_03A79A_EE27,public,4b44c68f7c8568d1p
S1B_IW_GRDH_1SDV_20200807T165741_20200807T165806_022820_02B501_0290,public,bb5e117ceb370c0fp
S1A_IW_GRDH_1SDV_20200817T175318_20200817T175343_033950_03F05B_39AE,public,731d32175b833ef3p
S1A_IW_GRDH_1SDV_20201123T051420_20201123T051445_035371_04220B_CC2B,public,b470c3407a770a42p
S1B_IW_GRDH_1SDV_20200811T051851_20200811T051916_022871_02B6A2_43FD,public,583ae138189d9121p
S1B_IW_GRDH_1SDV_20200624T051848_20200624T051913_022171_02A142_E690,public,cf00a4d5543aa28ep
S1B_IW_GRDH_1SDV_20200316T165734_20200316T165759_020720_02747B_82F4,public,5af616b150417f93p
S1A_IW_GRDH_1SDV_20200627T050722_20200627T050747_033198_03D88A_335F,public,d5fa7f04a9ae31dfp
S1B_IW_GRDH_1SDV_20200607T051036_20200607T051101_021923_0299AC_B29B,public,cd67e528fd692386p
S1A_IW_GRDH_1SDV_20200922T175320_20200922T175345_034475_0402ED_77BB,public,c1bf8654b1202c6ap
S1A_IW_GRDH_1SDV_20200129T054051_20200129T054116_031011_038FDD_A8C2,public,09d325c89a75fb2fp
S1A_IW_GRDH_1SDV_20200501T175312_20200501T175337_032375_03BF75_24A6,public,3bc01ebcedc7e328p
S1B_IW_GRDH_1SDV_20201106T054010_20201106T054035_024140_02DE33_F727,public,399dbfd2487e980ep
S1A_IW_GRDH_1SDV_20200204T050717_20200204T050742_031098_0392D8_F982,public,f4a820b19ab768bdp
S1A_IW_GRDH_1SDV_20201104T051124_20201104T051149_035094_041869_D721,public,a76d555e99908b29p
S1A_IW_GRDH_1SDV_20200626T165822_20200626T165847_033191_03D84E_AF01,public,02649c5fc4f85dadp
S1A_IW_GRDH_1SDV_20200630T051931_20200630T051956_033242_03D9F4_DFBC,public,e96d9df96d9359f7p
S1A_IW_GRDH_1SDV_20200625T052151_20200625T052220_033169_03D7B0_8BE0,public,96073f72b4353f84p
S1A_IW_GRDH_1SDV_20200726T051418_20200726T051443_033621_03E58D_B06F,public,b56e4a1e4f868914p
S1A_IW_GRDH_1SDV_20200905T174440_20200905T174505_034227_03FA22_7468,public,4c10458c3f418697p
S1A_IW_GRDH_1SDV_20200311T050717_20200311T050742_031623_03A4F6_5410,public,6ce1fd3a685dfb98p
S1A_IW_GRDH_1SDV_20200807T051349_20200807T051418_033796_03EB08_246B,public,f9e403da040d714cp
S1B_IW_GRDH_1SDV_20200713T051038_20200713T051103_022448_02A9AA_4E04,public,3f71dc298e5495a3p
S1A_IW_GRDH_1SDV_20200227T165817_20200227T165842_031441_039EA7_1F58,public,393423c276915692p
S1A_IW_GRDH_1SDV_20200731T052153_20200731T052222_033694_03E7BE_E2CE,public,0e815a40b2fbdc76p
S1A_IW_GRDH_1SDV_20200314T175311_20200314T175336_031675_03A6D2_277B,public,1585bea1dd4f53d7p
S1B_IW_GRDH_1SDV_20200531T051847_20200531T051912_021821_0296B4_C3A5,public,4e4c221dc8fcf51cp
S1A_IW_GRDH_1SDV_20200831T051351_20200831T051420_034146_03F756_520D,public,bb5624cc1d16b8fap
S1B_IW_GRDH_1SDV_20200303T051024_20200303T051049_020523_026E38_0FD2,public,cd2f9c68441ec247p
S1A_IW_GRDH_1SDV_20201006T051352_20201006T051421_034671_0409CF_800C,public,fc4b0beddcead106p
S1A_IW_GRDH_1SDV_20200126T051926_20200126T051951_030967_038E4E_D901,public,b5a234fb59c7534bp
S1A_IW_GRDH_1SDV_20200929T051124_20200929T051149_034569_040632_F43E,public,6781b073f2a775ddp
S1A_IW_GRDH_1SDV_20200426T174432_20200426T174457_032302_03BCDD_48F1,public,d01e42687a6ebd98p
S1A_IW_GRDH_1SDV_20200426T051115_20200426T051140_032294_03BC92_6AC3,public,b51f83abc0cc85b0p
S1B_IW_GRDH_1SDV_20200912T165743_20200912T165808_023345_02C567_0963,public,6e3be36f2c7f8ea5p
S1A_IW_GRDH_1SDV_20201018T051352_20201018T051421_034846_040FF3_F1EC,public,ebbbee77e0b8bfbdp
S1B_IW_GRDH_1SDV_20200706T051849_20200706T051914_022346_02A699_C6A0,public,fcb435fc8392121dp
S1A_IW_GRDH_1SDV_20200501T052957_20200501T053026_032367_03BF31_9380,public,b4c1eaaa7c866b9fp
S1A_IW_GRDH_1SDV_20200724T051932_20200724T051957_033592_03E4A5_6019,public,7dd2a5a4d2e9e27bp
S1A_IW_GRDH_1SDV_20200403T165818_20200403T165843_031966_03B109_8B22,public,6ee297d992606341p
S1A_IW_GRDH_1SDV_20200226T051114_20200226T051139_031419_039DEA_3D41,public,a47cf4cb45d501f0p
S1A_IW_GRDH_1SDV_20200414T052147_20200414T052216_032119_03B674_B0ED,public,8d61683b20c1e693p
S1A_IW_GRDH_1SDV_20200522T050720_20200522T050745_032673_03C8C7_AEAB,public,1575073aba923cf3p
S1A_IW_GRDH_1SDV_20201011T051124_20201011T051149_034744_040C52_6608,public,7206577c7d749746p
S1B_IW_GRDH_1SDV_20200527T165737_20200527T165802_021770_02951D_50DA,public,933b6baa26232ea1p
S1A_IW_GRDH_1SDV_20200421T051412_20200421T051437_032221_03BA16_FC53,public,48c6404968760672p
S1A_IW_GRDH_1SDV_20201011T052156_20201011T052225_034744_040C54_9B65,public,d59d370ce11ac58dp
S1B_IW_GRDH_1SDV_20200408T051025_20200408T051050_021048_027ED5_767D,public,c3b1a84a0a12bb6ep
S1A_IW_GRDH_1SDV_20201105T165827_20201105T165852_035116_04191A_7481,public,536f7125d67a8bd1p
S1B_IW_GRDH_1SDV_20200221T165734_20200221T165759_020370_026955_D1C6,public,93cd69e7a7ca7b2ap
S1A_IW_GRDH_1SDV_20200906T054909_20200906T054934_034234_03FA57_85DC,public,6e4c6a97d3c7c2e1p
S1A_IW_GRDH_1SDV_20200720T054906_20200720T054931_033534_03E2C6_850C,public,aad0cc0c9ff85960p
S1A_IW_GRDH_1SDV_20200321T051114_20200321T051139_031769_03AA1D_DF31,public,679f1af0ae91e23ep
S1B_IW_GRDH_1SDV_20200608T165738_20200608T165803_021945_029A5B_AC32,public,c2b14a380239aca9p
S1B_IW_GRDH_1SDV_20200127T051025_20200127T051050_019998_025D4C_6D6D,public,bfb779f1016d9fabp
S1A_IW_GRDH_1SDV_20200214T052146_20200214T052215_031244_0397E5_320F,public,3bf860605432b22cp
S1A_IW_GRDH_1SDV_20200719T051120_20200719T051145_033519_03E25A_F350,public,194f3bdadc2cfa77p
S1B_IW_GRDH_1SDV_20200522T054002_20200522T054027_021690_0292BD_495C,public,f9db277f662e8bcap
S1A_IW_GRDH_1SDV_20200407T175311_20200407T175336_032025_03B326_6420,public,1c904ce36a05bdddp
S1A_IW_GRDH_1SDV_20200221T051411_20200221T051436_031346_039B7B_162D,public,316b646ba9e80fffp
S1A_IW_GRDH_1SDV_20200407T051926_20200407T051951_032017_03B2DF_2172,public,3ac7284f93ea5eebp
S1A_IW_GRDH_1SDV_20200310T054900_20200310T054925_031609_03A47D_EDEC,public,c85ce5de0e3da0acp
S1A_IW_GRDH_1SDV_20201109T175320_20201109T175345_035175_041B33_580E,public,ed7647eaf1bfdbdep
S1B_IW_GRDH_1SDV_20200401T051836_20200401T051901_020946_027BB4_B4B9,public,028df92a2e68b7bap
S1A_IW_GRDH_1SDV_20200914T075756_20200914T075825_034352_03FE84_4B93,train,32c92937954b0298t
S1B_IW_GRDH_1SDV_20200821T164040_20200821T164105_023024_02BB71_8707,train,50f39eee83812d56t
S1B_IW_GRDH_1SDV_20200722T075651_20200722T075721_022581_02ADB5_211E,train,1d524c9710c4a63dt
S1B_IW_GRDH_1SDV_20200523T075648_20200523T075717_021706_029331_7C6C,train,9520f593279a5024t
S1B_IW_GRDH_1SDV_20200229T062004_20200229T062029_020480_026CDE_91FC,train,1a8fb9a0310267c2t
S1B_IW_GRDH_1SDV_20200405T062005_20200405T062030_021005_027D7C_DB68,train,737007d9bade79cat
S1B_IW_GRDH_1SDV_20200829T185857_20200829T185930_023142_02BF09_E6B7,train,c07f6ec980c2c149t
S1B_IW_GRDH_1SDV_20200722T075721_20200722T075746_022581_02ADB5_C75A,train,4619be5cc8f8efa2t
S1B_IW_GRDH_1SDV_20200815T075722_20200815T075747_022931_02B864_DE55,train,e0798a8e99c2568ft
S1A_IW_GRDH_1SDV_20200130T075816_20200130T075841_031027_039064_C95F,train,9011998cdb2715cat
S1A_IW_GRDH_1SDV_20200916T074132_20200916T074201_034381_03FF81_AD1C,train,d92e82624c53fcf1t
S1A_IW_GRDH_1SDV_20200722T164121_20200722T164146_033570_03E3EB_91B4,train,05bc615a9b0e1159t
S1B_IW_GRDH_1SDV_20200124T062005_20200124T062030_019955_025BF2_BBDA,train,fd5e92b48c9ffe88t
S1A_IW_GRDH_1SDV_20200308T074217_20200308T074237_031581_03A380_16AB,train,58506c1164d53d58t
S1B_IW_GRDH_1SDV_20200523T075742_20200523T075807_021706_029331_0442,train,d3cf076c5f02d411t
S1B_IW_GRDH_1SDV_20200722T075746_20200722T075811_022581_02ADB5_0BBB,train,e8e76033e9defc83t
S1A_IW_GRDH_1SDV_20201010T185940_20201010T190013_034738_040C14_514E,train,a6e9353a35e73ed5t
S1A_IW_GRDH_1SDV_20200225T074217_20200225T074237_031406_039D75_2F50,train,42b157923b7a27e5t
S1B_IW_GRDH_1SDV_20200508T055550_20200508T055615_021486_028CBC_8B15,train,e2080ba3bcbb0febt
S1A_IW_GRDH_1SDV_20200708T054840_20200708T054905_033359_03DD6F_34EC,train,1efb6ea530bdaf60t
S1B_IW_GRDH_1SDV_20200508T170914_20200508T170939_021493_028CEA_C3AC,train,6da0738aeb51c853t
S1A_IW_GRDH_1SDV_20200806T055651_20200806T055716_033782_03EA7D_3DAA,train,f34be14cd0e389c3t
S1B_IW_GRDH_1SDV_20200829T171754_20200829T171819_023141_02BF02_C8E6,train,ee80b25767f4d1act
S1B_IW_GRDH_1SDV_20200419T060407_20200419T060432_021209_0283EF_61E4,train,a4476b8cc1b0a48et
S1A_IW_GRDH_1SDV_20200208T055644_20200208T055709_031157_0394F3_CA57,train,6520e198cf82c335t
S1B_IW_GRDH_1SDV_20200304T054745_20200304T054810_020538_026EB1_7B45,train,50008c4857597ff9t
S1A_IW_GRDH_1SDV_20200329T164943_20200329T165008_031893_03AE7B_B3CE,train,9a1bf021948b6591t
S1B_IW_GRDH_1SDV_20200328T054745_20200328T054810_020888_0279C5_CDCD,train,6e1991bfa385622bt
S1B_IW_GRDH_1SDV_20200602T050235_20200602T050300_021850_02978C_F4EB,train,a19667d54d0b4623t
S1A_IW_GRDH_1SDV_20200327T055644_20200327T055709_031857_03AD3C_4A1F,train,99e2878f43a8dea8t
S1A_IW_GRDH_1SDV_20200918T054844_20200918T054909_034409_04007D_3A62,train,9f4272dbcb587ba6t
S1B_IW_GRDH_1SDV_20200812T170919_20200812T170944_022893_02B744_654C,train,7fd0069c92e5c65et
S1A_IW_GRDH_1SDV_20200619T055648_20200619T055713_033082_03D516_5742,train,994a95128e83814et
S1A_IW_GRDH_1SDV_20200923T055653_20200923T055718_034482_040323_97E2,train,7ef4c0b43632e3ect
S1B_IW_GRDH_1SDV_20200924T054754_20200924T054819_023513_02CAA5_0399,train,f71770d9201b1f1ft
S1B_IW_GRDH_1SDV_20200812T055621_20200812T055646_022886_02B715_B261,train,7e7d516d2a585038t
S1A_IW_GRDH_1SDV_20200220T055644_20200220T055709_031332_039AFB_2EE2,train,b0af958a83dfa742t
S1B_IW_GRDH_1SDV_20200829T060325_20200829T060350_023134_02BECB_3492,train,b7c666453bbff700t
S1A_IW_GRDH_1SDV_20200521T054838_20200521T054903_032659_03C855_16B5,train,bd5727a5a3efd4b6t
S1A_IW_GRDH_1SDV_20201017T171004_20201017T171030_034839_040FAE_E946,train,7d5aeadca812e8c1t
S1A_IW_GRDH_1SDV_20200327T170955_20200327T171020_031864_03AD83_877B,train,58befc0e74207bb0t
S1A_IW_GRDH_1SDV_20200602T165756_20200602T165821_032841_03CDCB_F448,train,2899cfb18883251bt
S1A_IW_GRDH_1SDV_20200730T060501_20200730T060526_033680_03E746_BCBA,train,19619a997bc1c69dt
S1A_IW_GRDH_1SDV_20200708T165733_20200708T165758_033366_03DDA2_3142,train,fb69376a4ea59b08t
S1B_IW_GRDH_1SDV_20200309T055613_20200309T055638_020611_02711C_2BA7,train,763a7d9820a9bf57t
S1B_IW_GRDH_1SDV_20200606T171750_20200606T171815_021916_02997C_A625,train,6639ab26d7492c23t
S1B_IW_GRDH_1SDV_20200721T164908_20200721T164933_022572_02AD75_4A34,train,835f7629c3a3a9abt
S1B_IW_GRDH_1SDV_20200707T170942_20200707T171007_022368_02A73C_810E,train,259bfaadbd205fd6t
S1B_IW_GRDH_1SDV_20201016T060416_20201016T060441_023834_02D4A9_7363,train,aec08a1bed9de27at
S1B_IW_GRDH_1SDV_20201128T055557_20201128T055622_024461_02E85E_967F,train,81205e3e86fdc03ct
S1B_IW_GRDH_1SDV_20200917T170946_20200917T171011_023418_02C7BE_DE9D,train,8f6b9d16ddf7ae18t
S1B_IW_GRDH_1SDV_20200714T054816_20200714T054841_022463_02AA1E_CC14,train,0e89decdecef87f6t
S1B_IW_GRDH_1SDV_20200515T054747_20200515T054812_021588_028FB9_5DCB,train,a92edc51bc96a82ft
S1A_IW_GRDH_1SDV_20200115T170955_20200115T171021_030814_0388F3_A85C,train,aaf43d7aa7069758t
S1B_IW_GRDH_1SDV_20200819T054818_20200819T054843_022988_02BA34_1EFC,train,e038a8902265782dt
S1A_IW_GRDH_1SDV_20201017T055654_20201017T055719_034832_040F6A_0B81,train,58b5df0f62fe4095t
S1B_IW_GRDH_1SDV_20200207T060407_20200207T060432_020159_02628D_CE35,train,3ef755faadd6cc14t
S1A_IW_GRDH_1SDV_20200718T171839_20200718T171908_033512_03E221_2CD4,train,72dba3e82f782f67t
S1B_IW_GRDH_1SDV_20200525T060409_20200525T060434_021734_029403_DA77,train,315377bda67c474ct
S1A_IW_GRDH_1SDV_20200923T171004_20200923T171030_034489_040367_3C88,train,defdf1f496b29115t
S1A_IW_GRDH_1SDV_20200818T171002_20200818T171028_033964_03F0E6_183E,train,defd726360b2117bt
S1B_IW_GRDH_1SDV_20201023T055558_20201023T055623_023936_02D7EE_A14E,train,cb76f950b71cf9c3t
S1A_IW_GRDH_1SDV_20200911T055653_20200911T055718_034307_03FCED_EFF4,train,864390795b0439b1t
S1A_IW_GRDH_1SDV_20200220T170955_20200220T171020_031339_039B3F_C71E,train,7a3cf52fd1b363b9t
S1A_IW_GRDH_1SDV_20200602T054838_20200602T054903_032834_03CD99_3F56,train,1a28df2c4f294a32t
S1B_IW_GRDH_1SDV_20200917T170921_20200917T170946_023418_02C7BE_37BC,train,242dfb16966f7a22t
S1B_IW_GRDH_1SDV_20200819T054753_20200819T054818_022988_02BA34_1A27,train,89bb0e9ac6a53fe4t
S1B_IW_GRDH_1SDV_20200309T170912_20200309T170937_020618_02714B_733B,train,d3d3bb16f85e5db8t
S1A_IW_GRDH_1SDV_20200727T164949_20200727T165014_033643_03E62C_AB7C,train,95ee747a5f5537b6t
S1A_IW_GRDH_1SDV_20200725T055650_20200725T055715_033607_03E517_54F2,train,54be1401e87a5342t
S1B_IW_GRDH_1SDV_20200302T171746_20200302T171811_020516_026E05_A99F,train,bfd3c03fc4ab0ff1t
S1B_IW_GRDH_1SDV_20200917T055557_20200917T055622_023411_02C78F_C1DD,train,cf66b6594747703et
S1A_IW_GRDH_1SDV_20200519T060456_20200519T060521_032630_03C775_1CE4,train,5f2c3095128d4642t
S1B_IW_GRDH_1SDV_20200812T055556_20200812T055621_022886_02B715_013C,train,e98f90071c73034dt
S1B_IW_GRDH_1SDV_20200708T050237_20200708T050302_022375_02A778_C74A,train,32757383221a9c49t
S1B_IW_GRDH_1SDV_20200116T054746_20200116T054811_019838_02582D_5A20,train,2e65e3387885c951t
S1B_IW_GRDH_1SDV_20200409T054745_20200409T054810_021063_027F50_38F0,train,87d6924a66019e86t
S1B_IW_GRDH_1SDV_20200508T055615_20200508T055640_021486_028CBC_7505,train,f5ee5641e3b18047t
S1B_IW_GRDH_1SDV_20200121T170912_20200121T170937_019918_025ACD_5D3C,train,2398ea5e6161fce1t
S1A_IW_GRDH_1SDV_20200917T051148_20200917T051213_034394_03FFFA_0BBC,train,4455faa0cb4824f4t
S1B_IW_GRDH_1SDV_20200606T060410_20200606T060435_021909_029944_C7C4,train,7a6d0fa89709579ft
S1A_IW_GRDH_1SDV_20200120T171853_20200120T171923_030887_038B78_AA59,train,41f1d693b803e19bt
S1A_IW_GRDH_1SDV_20201111T050348_20201111T050413_035196_041C01_8394,train,7b6fffb4b1066ad7t
S1A_IW_GRDH_1SDV_20200818T055652_20200818T055717_033957_03F0A3_155C,train,b79219738b444482t
S1B_IW_GRDH_1SDV_20200829T060415_20200829T060440_023134_02BECB_2A30,train,df0a5fdc27e5da5bt
S1A_IW_GRDH_1SDV_20200730T060436_20200730T060501_033680_03E746_F92E,train,34e1b52fd1e409bdt
S1A_IW_GRDH_1SDV_20200619T170959_20200619T171025_033089_03D54C_712F,train,155dfbd96eb4d17ft
S1A_IW_GRDH_1SDV_20201012T054845_20201012T054910_034759_040CCC_805A,train,e6ed69d28d60111bt
S1A_IW_GRDH_1SDV_20200614T054839_20200614T054904_033009_03D2CB_277D,train,64e674072952e056t
S1B_IW_GRDH_1SDV_20200510T054002_20200510T054027_021515_028D99_201C,train,a8d09b13ad09a61ft
S1A_IW_GRDH_1SDV_20200918T054909_20200918T054934_034409_04007D_E664,train,78fde272efeb9d56t
S1A_IW_GRDH_1SDV_20200606T175314_20200606T175339_032900_03CF93_A66C,train,ab9a7b016b3517a1t
S1A_IW_GRDH_1SDV_20200708T054905_20200708T054930_033359_03DD6F_26CB,train,d683e6b515f4366ct
S1A_IW_GRDH_1SDV_20200924T051351_20200924T051421_034496_0403A4_91CA,train,53b7f8d891f5eeb9t
S1A_IW_GRDH_1SDV_20200707T052152_20200707T052221_033344_03DD04_D9CB,train,2ae2b77095e9e6eat
S1B_IW_GRDH_1SDV_20201127T051840_20201127T051905_024446_02E7E1_CD74,train,2dbf62ac709047c5t
S1A_IW_GRDH_1SDV_20201012T054910_20201012T054935_034759_040CCC_60D2,train,7e4e3fc3b7ae4010t
S1A_IW_GRDH_1SDV_20200326T175311_20200326T175336_031850_03ACFB_D1DC,train,299e4401a2311732t
S1A_IW_GRDH_1SDV_20200829T053004_20200829T053033_034117_03F647_377D,train,8bbd3d39cfc96b94t
S1A_IW_GRDH_1SDV_20200516T054052_20200516T054117_032586_03C637_9398,train,b95ab45640844f93t
S1A_IW_GRDH_1SDV_20200521T054903_20200521T054928_032659_03C855_E06F,train,c9dba890e4b5cd17t
S1A_IW_GRDH_1SDV_20200410T054051_20200410T054116_032061_03B471_FF92,train,decee5b74fa7c8b9t
S1B_IW_GRDH_1SDV_20200201T051836_20200201T051901_020071_025FC9_945D,train,f16fe7fee9a1af85t
S1A_IW_GRDH_1SDV_20200614T165822_20200614T165847_033016_03D2FD_6765,train,959d542c6499e1c6t
S1B_IW_GRDH_1SDV_20200208T051025_20200208T051050_020173_0262FD_9265,train,fe3458fcb008a6dct
S1A_IW_GRDH_1SDV_20200819T051419_20200819T051444_033971_03F12D_4FC3,train,5424f99dfa42740bt
S1A_IW_GRDH_1SDV_20201206T054059_20201206T054124_035561_04288B_39D9,train,6cc6c82d8ea7ee70t
S1A_IW_GRDH_1SDV_20200201T171751_20200201T171822_031062_039191_7A12,train,d444263ef681815ft
S1A_IW_GRDH_1SDV_20201016T053005_20201016T053034_034817_040EE1_DCFC,train,f61a164e315103cat
S1A_IW_GRDH_1SDV_20201010T171800_20201010T171832_034737_040C09_FA75,train,a93585b23276b758t
S1B_IW_GRDH_1SDV_20200916T051853_20200916T051918_023396_02C711_3FC2,train,dec90016c05fe502t
S1A_IW_GRDH_1SDV_20200918T165827_20200918T165852_034416_0400BC_F3F5,train,ad8f5edcec272001t
S1A_IW_GRDH_1SDV_20200916T171800_20200916T171831_034387_03FFB9_AD36,train,cef19abab25e4e41t
S1A_IW_GRDH_1SDV_20201116T052156_20201116T052225_035269_041E82_F542,train,75c853b1713d7e3et
S1A_IW_GRDH_1SDV_20200308T171750_20200308T171822_031587_03A3B9_EFBC,train,b96043cd9db76297t
S1A_IW_GRDH_1SDV_20200213T171750_20200213T171822_031237_0397A3_F3E1,train,a791f9b908c03325t
S1A_IW_GRDH_1SDV_20200718T171756_20200718T171828_033512_03E220_5EFC,train,6f3e6b05cf9d127at
S1A_IW_GRDH_1SDV_20200917T174440_20200917T174505_034402_040041_0468,train,c8d1c8367d2fb17bt
S1B_IW_GRDH_1SDV_20200213T051836_20200213T051901_020246_02656F_0D31,train,7990e9589b9ff3bft
S1A_IW_GRDH_1SDV_20200123T050718_20200123T050743_030923_038CB0_8C73,train,c3447374fc30b1a1t
S1A_IW_GRDH_1SDV_20200326T052956_20200326T053025_031842_03ACB7_8C98,train,7ad36b8e9f95ba1at
S1B_IW_GRDH_1SDV_20200115T051025_20200115T051050_019823_0257B2_0E80,train,70f29a17a192ae59t
S1A_IW_GRDH_1SDV_20201128T174440_20201128T174505_035452_0424DB_167B,train,bd24c2e8d539f972t
S1A_IW_GRDH_1SDV_20200812T051122_20200812T051147_033869_03ED89_1BF6,train,1e609174508bdc98t
S1A_IW_GRDH_1SDV_20201116T051124_20201116T051149_035269_041E7F_AB83,train,0529e724568c8139t
S1A_IW_GRDH_1SDV_20200519T171753_20200519T171824_032637_03C7B2_1F74,train,f088cc4cf43ba7a3t
S1B_IW_GRDH_1SDV_20200507T051846_20200507T051911_021471_028C4A_E168,train,e5e4bf0c579362bdt
S1B_IW_GRDH_1SDV_20200413T051837_20200413T051902_021121_028140_627A,train,da781384de903b8dt
S1A_IW_GRDH_1SDV_20200207T052956_20200207T053025_031142_039468_64E3,train,6b9ebb042f62284bt
S1A_IW_GRDH_1SDV_20200121T174432_20200121T174457_030902_038BFF_CED7,train,3ff1ba62d8d3fe15t
S1A_IW_GRDH_1SDV_20200413T171751_20200413T171823_032112_03B62E_D6CA,train,0222c037f32357b7t
S1A_IW_GRDH_1SDV_20200721T050723_20200721T050748_033548_03E337_F278,train,893b12c617265261t
S1A_IW_GRDH_1SDV_20200829T051934_20200829T051959_034117_03F644_5C42,train,c509afa2ac424339t
S1B_IW_GRDH_1SDV_20200123T054001_20200123T054026_019940_025B80_6760,train,6e2a1802be281c75t
S1A_IW_GRDH_1SDV_20200508T051116_20200508T051141_032469_03C298_8E55,train,b44881f238ef0beet
S1B_IW_GRDH_1SDV_20200619T051036_20200619T051101_022098_029EF7_C2D8,train,dcf7b37dd15d6d94t
S1A_IW_GRDH_1SDV_20200304T051342_20200304T051411_031521_03A18B_47FC,train,ad53bfd630e65f56t
S1A_IW_GRDH_1SDV_20200121T051115_20200121T051140_030894_038BB7_2016,train,8ca84c319893f38bt
S1A_IW_GRDH_1SDV_20200513T052958_20200513T053027_032542_03C4E2_DAEA,train,425980ed6b6bcd2dt
S1A_IW_GRDH_1SDV_20200602T054903_20200602T054928_032834_03CD99_8B90,train,bfb1a1a4b3247b7dt
S1A_IW_GRDH_1SDV_20200525T051929_20200525T051954_032717_03CA2F_6EE6,train,6ffc913c4655b43ft
S1A_IW_GRDH_1SDV_20200606T051929_20200606T051954_032892_03CF59_DB60,train,63ad51bc14ca8b5dt
S1B_IW_GRDH_1SDV_20200328T165734_20200328T165759_020895_0279FF_C9CB,train,96a47459a14c36b1t
S1A_IW_GRDH_1SDV_20201028T051936_20201028T052001_034992_0414E8_B9FC,train,52d56395768fb8a7t
S1A_IW_GRDH_1SDV_20200428T050718_20200428T050743_032323_03BD94_ED6A,train,db0fd848475a76dbt
S1A_IW_GRDH_1SDV_20200917T052156_20200917T052225_034394_03FFFD_82A5,train,0bf0a06609a9c0e8t
S1B_IW_GRDH_1SDV_20200814T054007_20200814T054032_022915_02B7F0_5DC1,train,5de8db290dd3c22at
S1B_IW_GRDH_1SDV_20200818T051040_20200818T051105_022973_02B9B4_0238,train,8480745167d53140t
S1A_IW_GRDH_1SDV_20200924T051421_20200924T051446_034496_0403A4_B472,train,7c2f29e97eee33b4t
S1B_IW_GRDH_1SDV_20200721T054006_20200721T054031_022565_02AD3E_4B3F,train,966f52e31397313at
S1A_IW_GRDH_1SDV_20201023T051124_20201023T051149_034919_041264_FEB5,train,10007119e443780dt
S1B_IW_GRDH_1SDV_20200304T165734_20200304T165759_020545_026EEC_EA20,train,9d33f04f97b135c4t
S1A_IW_GRDH_1SDV_20201128T052156_20201128T052225_035444_042498_5738,train,a736a57b5c252312t
S1A_IW_GRDH_1SDV_20200304T051411_20200304T051436_031521_03A18B_1B67,train,8e5a122f6cd13d00t
S1A_IW_GRDH_1SDV_20200302T052955_20200302T053024_031492_03A078_1D18,train,3dff8354d244a4b1t
S1A_IW_GRDH_1SDV_20200329T054050_20200329T054115_031886_03AE41_4038,train,5ef47cf7f8f5bd2bt
S1A_IW_GRDH_1SDV_20200121T052147_20200121T052216_030894_038BB9_FA0B,train,0791adb6b1cef4f1t
S1A_IW_GRDH_1SDV_20200114T051927_20200114T051952_030792_038823_CCB8,train,81f64a8d90b22463t
S1A_IW_GRDH_1SDV_20200508T052148_20200508T052217_032469_03C29A_11CF,train,a7aafac0bb5d311ft
S1A_IW_GRDH_1SDV_20200513T175313_20200513T175338_032550_03C51A_1AFF,train,3c895133d30df79ft
S1B_IW_GRDH_1SDV_20201010T051853_20201010T051918_023746_02D1F8_1734,train,efe75c178f7117a7t
S1A_IW_GRDH_1SDV_20200707T174436_20200707T174501_033352_03DD39_98BA,train,8d57dd602af81c9et
S1B_IW_GRDH_1SDV_20200404T054000_20200404T054025_020990_027D0D_57EC,train,4ae61dece54a1ffat
S1A_IW_GRDH_1SDV_20201016T051936_20201016T052001_034817_040EDE_9428,train,91bbc8bbf928daa7t
S1B_IW_GRDH_1SDV_20200308T051836_20200308T051901_020596_0270A3_5923,train,7b4768c0684c4202t
S1A_IW_GRDH_1SDV_20200508T174433_20200508T174458_032477_03C2D4_D88F,train,ed69eae9b34dbe1dt
S1B_IW_GRDH_1SDV_20201103T051853_20201103T051918_024096_02DCE0_4542,train,2f53eb6658f5d979t
S1A_IW_GRDH_1SDV_20200829T175319_20200829T175344_034125_03F68B_F6A3,train,9e64dbf976a3b2fat
S1A_IW_GRDH_1SDV_20201028T175320_20201028T175345_035000_04152A_771F,train,c0831dbd6d7f3c56t
S1A_IW_GRDH_1SDV_20200521T165820_20200521T165845_032666_03C88A_34FB,train,5d84646dd926df6ct
S1A_IW_GRDH_1SDV_20200714T051417_20200714T051442_033446_03E02D_FF34,train,900c6dac347d1804t
S1A_IW_GRDH_1SDV_20201028T053005_20201028T053034_034992_0414EB_9834,train,ccb90e31357c33e2t
S1A_IW_GRDH_1SDV_20200409T051411_20200409T051436_032046_03B3F3_429A,train,9eb9e3dc3225ad9at
S1A_IW_GRDH_1SDV_20200207T175311_20200207T175336_031150_0394AF_449E,train,095f2289c23951e5t
S1A_IW_GRDH_1SDV_20200309T051114_20200309T051139_031594_03A3FD_46E7,train,7928fdf5e6bb1ddet
S1A_IW_GRDH_1SDV_20201012T165827_20201012T165852_034766_040D08_5C2E,train,793f931ebbc36eedt
S1B_IW_GRDH_1SDV_20200116T165735_20200116T165800_019845_025868_DDA5,train,541e463a617cc648t
S1A_IW_GRDH_1SDV_20200419T175312_20200419T175337_032200_03B950_6E77,train,9e03321f0e22bf8ct
S1B_IW_GRDH_1SDV_20200819T165742_20200819T165807_022995_02BA6F_C8A2,train,351c9bfded60c563t
S1A_IW_GRDH_1SDV_20200515T051344_20200515T051413_032571_03C5C6_8DDC,train,e5ee19f0c67db895t
S1A_IW_GRDH_1SDV_20201117T054910_20201117T054935_035284_041F05_BBC7,train,281b452fd630e5edt
S1B_IW_GRDH_1SDV_20200220T051024_20200220T051049_020348_026899_B856,train,9e577d948f0af8eat
S1B_IW_GRDH_1SDV_20201118T054009_20201118T054034_024315_02E3B5_2DAE,train,2fd149a7a74e44e2t
S1A_IW_GRDH_1SDV_20201111T051421_20201111T051446_035196_041C02_3C0A,train,a2099e7130aba3det
S1A_IW_GRDH_1SDV_20200614T054904_20200614T054929_033009_03D2CB_91D7,train,f6d2a17c1c2616e9t
S1B_IW_GRDH_1SDV_20200725T051038_20200725T051103_022623_02AEF7_F319,train,96277abaf6bc4bc6t
S1A_IW_GRDH_1SDV_20200120T171751_20200120T171823_030887_038B77_C9CA,train,eba22dd5e0378888t
S1A_IW_GRDH_1SDV_20201116T174440_20201116T174505_035277_041EC6_198D,train,5d7acea796201046t
S1B_IW_GRDH_1SDV_20200225T051836_20200225T051901_020421_026B0F_0052,train,9817cbd5b4d6b39bt
S1A_IW_GRDH_1SDV_20201023T174441_20201023T174506_034927_0412AB_9AEB,train,4518c556b38a5fa4t
S1A_IW_GRDH_1SDV_20200708T165823_20200708T165848_033366_03DDA2_5CE9,train,2cbcc7123f0abf01t
S1B_IW_GRDH_1SDV_20200409T165734_20200409T165759_021070_027F8A_7A51,train,2757e53eccea715dt
S1B_IW_GRDH_1SDV_20200730T051850_20200730T051915_022696_02B139_C241,train,c9ba0778c396fd2dt
S1A_IW_GRDH_1SDV_20200409T051342_20200409T051411_032046_03B3F3_76D1,train,b71fc521ffaf08c6t
S1A_IW_GRDH_1SDV_20200419T052956_20200419T053025_032192_03B90A_16C1,train,cb63265c445495d3t
S1A_IW_GRDH_1SDV_20201111T051352_20201111T051421_035196_041C02_2A33,train,26aeea063185784ft
S1B_IW_GRDH_1SDV_20200515T165736_20200515T165801_021595_028FF1_CA18,train,4cc85a40bffc135et
S1A_IW_GRDH_1SDV_20200207T051926_20200207T051951_031142_039466_1004,train,20c5257d1ce48655t
S1A_IW_GRDH_1SDV_20200707T051119_20200707T051144_033344_03DD01_817E,train,ed0c665bb3f1c673t
S1B_IW_GRDH_1SDV_20200924T165743_20200924T165808_023520_02CAE2_5A2F,train,356a255bd8e6ba21t
S1A_IW_GRDH_1SDV_20200507T171752_20200507T171824_032462_03C261_C4A5,train,bc3cf9dc5abd3c65t
S1A_IW_GRDH_1SDV_20200114T052956_20200114T053025_030792_038825_9B98,train,e42a50089e03990ft
S1A_IW_GRDH_1SDV_20200309T052146_20200309T052215_031594_03A3FF_DE51,train,e20588f2094fd709t
S1A_IW_GRDH_1SDV_20200925T054100_20200925T054125_034511_04041B_05DE,train,f63896a602214505t
S1A_IW_GRDH_1SDV_20200513T051928_20200513T051953_032542_03C4E0_C014,train,c470441906b228bct
S1B_IW_GRDH_1SDV_20200911T051041_20200911T051106_023323_02C4AE_3129,train,99fe489a18011c9bt
S1A_IW_GRDH_1SDV_20200730T171757_20200730T171829_033687_03E77E_469F,train,68131f10aed5c5a2t
S1A_IW_GRDH_1SDV_20200819T051350_20200819T051419_033971_03F12D_7144,train,7adee9ec4133b2f5t
S1B_IW_GRDH_1SDV_20200428T054001_20200428T054026_021340_02881B_F278,train,b1de75699207dc07t
S1A_IW_GRDH_1SDV_20200917T051123_20200917T051148_034394_03FFFA_122D,train,c02417eaffffc8bat
S1A_IW_GRDH_1SDV_20200714T051348_20200714T051417_033446_03E02D_2D80,train,6c8db47df2fe48edt
S1A_IW_GRDH_1SDV_20200114T175311_20200114T175336_030800_03886A_C0F0,train,3363a2f83f62fa6bt
S1A_IW_GRDH_1SDV_20200606T052959_20200606T053028_032892_03CF5C_B735,train,c0869b2f6131bc1ft
S1A_IW_GRDH_1SDV_20200812T174438_20200812T174503_033877_03EDD0_E658,train,d9727bc3a15cdc11t
S1A_IW_GRDH_1SDV_20200812T052154_20200812T052223_033869_03ED8C_5536,train,a4ca2e205513eb08t
S1B_IW_GRDH_1SDV_20200923T051041_20200923T051106_023498_02CA25_AC66,train,3d1beb1c19e1fa0ct
S1A_IW_GRDH_1SDV_20200515T051413_20200515T051438_032571_03C5C6_E567,train,8379b888784a5c4et
S1A_IW_GRDH_1SDV_20201128T051123_20201128T051148_035444_042495_14D3,train,66c82cfa6336aca3t
S1A_IW_GRDH_1SDV_20200302T175310_20200302T175335_031500_03A0BF_549A,train,35792973ba73187et
S1A_IW_GRDH_1SDV_20200328T051411_20200328T051436_031871_03ADC3_41F3,train,a45bc46512eb61f8t
S1A_IW_GRDH_1SDV_20200309T174431_20200309T174456_031602_03A448_719E,train,d566639ea7b7529ft
S1A_IW_GRDH_1SDV_20201127T171759_20201127T171831_035437_04244C_FAFE,train,c1c7c66e0af111a2t
S1B_IW_GRDH_1SDV_20200120T051837_20200120T051902_019896_025A24_E74D,train,0d7a0261c60d39det
S1A_IW_GRDH_1SDV_20200602T165821_20200602T165846_032841_03CDCB_696A,train,874dd7fe8f2c9d51t
S1B_IW_GRDH_1SDV_20201111T165743_20201111T165808_024220_02E0AD_6286,train,a01bb50ca3b5e156t
S1A_IW_GRDH_1SDV_20201023T052156_20201023T052225_034919_041267_C161,train,ced739d78afc3286t
S1A_IW_GRDH_1SDV_20200525T052958_20200525T053027_032717_03CA31_7AD4,train,90c677f83c4e18a9t
S1A_IW_GRDH_1SDV_20201016T175320_20201016T175345_034825_040F22_4BAB,train,560196fa56af9f03t
S1B_IW_GRDH_1SDV_20201017T051042_20201017T051107_023848_02D511_8902,train,7ef67f5bd2f89841t
S1A_IW_GRDH_1SDV_20200404T050718_20200404T050743_031973_03B14B_D3DF,train,9d03f104d0bdb0e4t
S1A_IW_GRDH_1SDV_20201117T165827_20201117T165852_035291_041F3F_5AA1,train,d546b16a2e492dd9t
S1A_IW_GRDH_1SDV_20201103T171800_20201103T171832_035087_041825_0E0A,train,c80be20a6835cf84t
S1A_IW_GRDH_1SDV_20200225T171750_20200225T171822_031412_039DAF_7582,train,a08d07f4f8522f12t
S1B_IW_GRDH_1SDV_20200519T051846_20200519T051911_021646_02917C_FCBB,train,1b24d3aa597c472dt
S1A_IW_GRDH_1SDV_20200328T051342_20200328T051411_031871_03ADC3_C41A,train,00a035722196ee86t
S1A_IW_GRDH_1SDV_20200116T051343_20200116T051412_030821_038933_ABAD,train,15f54b14e9f30002t
S1A_IW_GRDH_1SDV_20200525T175314_20200525T175339_032725_03CA69_250F,train,ec2e7ee03be7c001t
S1A_IW_GRDH_1SDV_20200116T051412_20200116T051437_030821_038933_5CD5,train,4bf6c82ef5130dabt
S1B_IW_GRDH_1SDV_20200806T051039_20200806T051104_022798_02B446_EFCC,train,84bf42140b589d17t
S1B_IW_GRDH_1SDV_20200322T064101_20200322T064126_020801_027715_AC95,train,91b3ca2616525cd3t
S1A_IW_GRDH_1SDV_20201001T063240_20201001T063305_034599_040733_B728,train,5d45cb2dc3c48d8bt
S1A_IW_GRDH_1SDV_20200510T063207_20200510T063232_032499_03C37F_CA60,train,e98ca5aba8849b06t
S1A_IW_GRDH_1SDV_20200304T064159_20200304T064224_031522_03A196_6BDA,train,8956e9a18f4aed1ct
S1B_IW_GRDH_1SDV_20200229T062259_20200229T062324_020480_026CDE_D9EE,train,05fe55bba83519ebt
S1B_IW_GRDH_1SDV_20200616T062444_20200616T062509_022055_029DAF_793F,train,cbe4ad26fe73f118t
S1A_IW_GRDH_1SDV_20200305T182838_20200305T182903_031544_03A24D_48FA,train,28feb275233b93e6t
S1A_IW_GRDH_1SDV_20200808T182846_20200808T182911_033819_03EBC6_AF49,train,134d7a7bbadd439dt
S1A_IW_GRDH_1SDV_20200522T063233_20200522T063258_032674_03C8CD_C858,train,26e37b1a179bf806t
S1A_IW_GRDH_1SDV_20201111T064143_20201111T064208_035197_041C0C_5B48,train,ca1019141c8d9c5ft
S1B_IW_GRDH_1SDV_20200526T064941_20200526T065006_021749_02946F_458C,train,6399551ff091c08dt
S1B_IW_GRDH_1SDV_20200405T062300_20200405T062325_021005_027D7C_B4EB,train,a376eb1fc39d4a84t
S1A_IW_GRDH_1SDV_20201006T064054_20201006T064119_034672_0409DA_8975,train,7060a820c566d5d3t
S1B_IW_GRDH_1SDV_20200808T063209_20200808T063234_022828_02B539_6D9A,train,3ad5477688c0f037t
S1A_IW_GRDH_1SDV_20200325T061716_20200325T061741_031828_03AC33_49D7,train,afbb0908b0b4d74ft
S1B_IW_GRDH_1SDV_20200722T062421_20200722T062446_022580_02ADAC_7A4F,train,7e706e444d071261t
S1A_IW_GRDH_1SDV_20200728T062517_20200728T062542_033651_03E66A_39E0,train,c955676015f56b2et
S1B_IW_GRDH_1SDV_20201119T062309_20201119T062334_024330_02E422_3E53,train,23b7870dac4a7d1dt
S1A_IW_GRDH_1SDV_20200912T064053_20200912T064118_034322_03FD82_494E,train,9c8a210404573ebct
S1B_IW_GRDH_1SDV_20201013T182801_20201013T182826_023798_02D392_686D,train,298cc8fe01c22ffat
S1A_IW_GRDH_1SDV_20200819T064207_20200819T064232_033972_03F138_7459,train,cb8739fc1f4a23ddt
S1A_IW_GRDH_1SDV_20200221T064109_20200221T064134_031347_039B86_B9F3,train,a09dc3d2ed7d8429t
S1B_IW_GRDH_1SDV_20200319T061628_20200319T061653_020757_0275BA_68B9,train,d8437097339a3a0at
S1B_IW_GRDH_1SDV_20201013T182736_20201013T182801_023798_02D392_5D58,train,79b156386abee71dt
S1B_IW_GRDH_1SDV_20200228T182751_20200228T182816_020473_026CAB_930A,train,0229f98a344d7a5ct
S1A_IW_GRDH_1SDV_20200226T065009_20200226T065034_031420_039DF6_EBD9,train,d39961a6b0434e1et
S1A_IW_GRDH_1SDV_20200708T183620_20200708T183645_033367_03DDAB_7AC3,train,968b06adcd8ba6ect
S1B_IW_GRDH_1SDV_20200918T063955_20200918T064020_023426_02C7F6_2EB3,train,91a578e5a7eeffc3t
S1A_IW_GRDH_1SDV_20200508T065010_20200508T065035_032470_03C2A2_4740,train,cd15095665fae616t
S1B_IW_GRDH_1SDV_20200820T063144_20200820T063209_023003_02BAAB_4A43,train,d36a8f59e361b398t
S1A_IW_GRDH_1SDV_20200831T064142_20200831T064207_034147_03F761_D04A,train,541b3cd4b325ed80t
S1B_IW_GRDH_1SDV_20200116T183537_20200116T183602_019846_02586E_3A05,train,70a79f2bc9105cfct
S1A_IW_GRDH_1SDV_20200402T065009_20200402T065034_031945_03B052_104C,train,8325eea6c95aa16at
S1A_IW_GRDH_1SDV_20200205T182103_20200205T182138_031121_0393A6_5905,train,df8ffce5cc47bff4t
S1A_IW_GRDH_1SDV_20200421T064135_20200421T064200_032222_03BA21_4763,train,3dc5d0203f3e93cct
S1A_IW_GRDH_1SDV_20200316T064159_20200316T064224_031697_03A7A5_3665,train,3a59308f69e588d4t
S1A_IW_GRDH_1SDV_20200731T065016_20200731T065041_033695_03E7C4_CC89,train,4fdb5a85e9e35df2t
S1B_IW_GRDH_1SDV_20200826T182759_20200826T182824_023098_02BDB5_C901,train,9ecafe67043f52b9t
S1B_IW_GRDH_1SDV_20200227T064100_20200227T064125_020451_026BFB_3F06,train,f5ce2dc15a39b593t
S1B_IW_GRDH_1SDV_20200920T062309_20200920T062334_023455_02C8D7_C50E,train,343a331c9517d53ct
S1B_IW_GRDH_1SDV_20200721T182757_20200721T182822_022573_02AD7D_4F47,train,876ba61d558b3219t
S1B_IW_GRDH_1SDV_20200907T182735_20200907T182800_023273_02C32A_5C9D,train,98fa8426c0e54644t
S1A_IW_GRDH_1SDV_20201007T182848_20201007T182913_034694_040A85_FFEE,train,a6cc8189393d43f4t
S1A_IW_GRDH_1SDV_20200604T182106_20200604T182141_032871_03CEB2_970A,train,d9d700a11647e8e1t
S1A_IW_GRDH_1SDV_20200726T064050_20200726T064115_033622_03E596_E4DF,train,a3767022f1d7d964t
S1A_IW_GRDH_1SDV_20200515T064021_20200515T064046_032572_03C5CF_DB4A,train,27365130efc9044dt
S1B_IW_GRDH_1SDV_20200410T063202_20200410T063227_021078_027FC8_D8C8,train,be95efd207c0eec3t
S1A_IW_GRDH_1SDV_20200814T063213_20200814T063238_033899_03EE84_6CB3,train,e3572457dde1252bt
S1B_IW_GRDH_1SDV_20200720T064106_20200720T064131_022551_02ACCE_BB32,train,ce67b3d05ca18efct
S1A_IW_GRDH_1SDV_20201006T064209_20201006T064234_034672_0409DA_29AE,train,04eaff94e7e1ac22t
S1B_IW_GRDH_1SDV_20201118T182800_20201118T182825_024323_02E3F9_0DC6,train,8235ecb79dde8f28t
S1B_IW_GRDH_1SDV_20200710T062305_20200710T062330_022405_02A85C_DB20,train,3bb75810a96a5310t
S1B_IW_GRDH_1SDV_20201008T181954_20201008T182019_023725_02D15D_A28E,train,22894e4b86d1ded4t
S1B_IW_GRDH_1SDV_20200511T062442_20200511T062507_021530_028E04_D86B,train,629daf78f46a9d88t
S1A_IW_GRDH_1SDV_20200317T182839_20200317T182904_031719_03A85D_C6F0,train,25b647117570170et
S1B_IW_GRDH_1SDV_20200728T181951_20200728T182016_022675_02B0A3_721E,train,e9b02e333e21456ft
S1A_IW_GRDH_1SDV_20200527T064022_20200527T064047_032747_03CB1E_CA90,train,0aba50e606eddffet
S1B_IW_GRDH_1SDV_20201117T064020_20201117T064045_024301_02E347_0A45,train,25448a2c04b3b3adt
S1B_IW_GRDH_1SDV_20200310T064100_20200310T064125_020626_02718C_0778,train,ff55662cc239f09bt
S1B_IW_GRDH_1SDV_20201006T183545_20201006T183610_023696_02D06A_DF78,train,35fe8844d3cf8e90t
S1A_IW_GRDH_1SDV_20200304T064134_20200304T064159_031522_03A196_A00F,train,8315d57d774a64fft
S1A_IW_GRDH_1SDV_20200513T180350_20200513T180415_032550_03C51B_574B,train,748e5bd1919f86bct
S1B_IW_GRDH_1SDV_20200123T182817_20200123T182842_019948_025BC1_DAD5,train,a5576e6ffe696e92t
S1B_IW_GRDH_1SDV_20200122T064126_20200122T064151_019926_025B10_67D8,train,d84b3f5f0524fc28t
S1B_IW_GRDH_1SDV_20200619T064917_20200619T064942_022099_029EFC_BB33,train,8b2315e31031c460t
S1A_IW_GRDH_1SDV_20200812T065016_20200812T065041_033870_03ED94_5155,train,505b7c1351cfc23et
S1A_IW_GRDH_1SDV_20200414T065010_20200414T065035_032120_03B67E_AB8D,train,2ef89b1ed1b11bc6t
S1A_IW_GRDH_1SDV_20200522T063208_20200522T063233_032674_03C8CD_A922,train,91222bab677ea2edt
S1A_IW_GRDH_1SDV_20201026T182113_20201026T182148_034971_041422_1DA5,train,28faafcae2ac2ea9t
S1A_IW_GRDH_1SDV_20200128T064159_20200128T064224_030997_038F6A_558B,train,8330020283039ab8t
S1A_IW_GRDH_1SDV_20200601T065012_20200601T065037_032820_03CD37_94E2,train,d21c66e73524de4dt
S1B_IW_GRDH_1SDV_20200118T182043_20200118T182112_019875_025977_A585,train,d139bedb17531d72t
S1B_IW_GRDH_1SDV_20201021T061547_20201021T061612_023907_02D708_847D,train,38cfc7bccd4a425ft
S1B_IW_GRDH_1SDV_20200305T063136_20200305T063201_020553_026F28_2E8B,train,9f57aace246e3852t
S1A_IW_GRDH_1SDV_20201015T061725_20201015T061750_034803_040E5B_7BF3,train,d65838d1b71f58d2t
S1B_IW_GRDH_1SDV_20201122T064948_20201122T065013_024374_02E58B_15E6,train,7c9338dba0e736fbt
S1A_IW_GRDH_1SDV_20200620T064023_20200620T064048_033097_03D592_B16F,train,5f94185c147336bbt
S1A_IW_GRDH_1SDV_20200116T064045_20200116T064110_030822_03893E_3BCD,train,7508e51622c6c70ft
S1B_IW_GRDH_1SDV_20200610T181949_20200610T182014_021975_029B50_85C0,train,34f6ce4f7673ea6at
S1B_IW_GRDH_1SDV_20200913T063146_20200913T063211_023353_02C5A2_DF75,train,835b131bebf0c2cbt
S1B_IW_GRDH_1SDV_20201110T064948_20201110T065013_024199_02E000_0702,train,fafc240a3e4dee41t
S1A_IW_GRDH_1SDV_20200810T181211_20200810T181236_033848_03ECC0_C350,train,ec8445693b2938fet
S1B_IW_GRDH_1SDV_20200528T063255_20200528T063320_021778_02955B_1B43,train,91504bfd1a6e1bcbt
S1B_IW_GRDH_1SDV_20200722T062356_20200722T062421_022580_02ADAC_B656,train,3797ba64b199e86ct
S1B_IW_GRDH_1SDV_20200304T183536_20200304T183601_020546_026EF2_7A61,train,f733ad34593819e5t
S1A_IW_GRDH_1SDV_20200406T061716_20200406T061741_032003_03B257_5531,train,61b732b793693dddt
S1A_IW_GRDH_1SDV_20200429T182104_20200429T182139_032346_03BE6E_BAC0,train,6bcb8721cdabfe60t
S1B_IW_GRDH_1SDV_20200722T062306_20200722T062331_022580_02ADAC_78E8,train,7bbedf6bf3310f06t
S1A_IW_GRDH_1SDV_20200627T063210_20200627T063235_033199_03D890_8686,train,7befad49cd42f361t
S1B_IW_GRDH_1SDV_20200215T064101_20200215T064126_020276_026659_8ECE,train,997bd5928025595ft
S1B_IW_GRDH_1SDV_20200603T182754_20200603T182819_021873_02983C_6B3D,train,56c3ffef51f41c4ft
S1A_IW_GRDH_1SDV_20200623T181208_20200623T181233_033148_03D710_7725,train,a1504d48f552d21ft
S1B_IW_GRDH_1SDV_20200203T064101_20200203T064126_020101_0260B7_9DC8,train,ba57ef446e79f9bbt
S1A_IW_GRDH_1SDV_20200512T061718_20200512T061743_032528_03C467_8428,train,84c3d3db1e2b6d72t
S1B_IW_GRDH_1SDV_20200814T182758_20200814T182823_022923_02B831_A3FC,train,d6578d3ffc84da6bt
S1B_IW_GRDH_1SDV_20200430T181134_20200430T181159_021377_028941_42A8,train,dc0c4d844195f4cft
S1A_IW_GRDH_1SDV_20200410T182839_20200410T182904_032069_03B4B5_D03B,train,ceca26efe6e4eedft
S1B_IW_GRDH_1SDV_20200713T175556_20200713T175621_022456_02A9EC_D0D9,train,fb8a31a891e2759ft
S1A_IW_GRDH_1SDV_20200826T063214_20200826T063239_034074_03F4B5_399D,train,4ebe766859ba886et
S1B_IW_GRDH_1SDV_20200515T183538_20200515T183603_021596_028FF6_9CD9,train,e558e59cfe0428bct
S1A_IW_GRDH_1SDV_20201123T064053_20201123T064118_035372_042216_AEAC,train,8c385bd4c70b8eedt
S1B_IW_GRDH_1SDV_20200518T061630_20200518T061655_021632_029118_9831,train,5ce96ac4b9d96771t
S1A_IW_GRDH_1SDV_20200820T182846_20200820T182911_033994_03F1E8_79C9,train,83bf47e54523fc40t
S1B_IW_GRDH_1SDV_20200323T182751_20200323T182816_020823_0277C3_6FA6,train,10615061cd28e01bt
S1A_IW_GRDH_1SDV_20200721T063212_20200721T063237_033549_03E33D_16AC,train,9667cb466b141140t
S1B_IW_GRDH_1SDV_20200220T064913_20200220T064938_020349_02689E_2C4E,train,eb7b92263f79f93et
S1A_IW_GRDH_1SDV_20200523T182106_20200523T182141_032696_03C983_08B0,train,f600c5d90dfa03f0t
S1B_IW_GRDH_1SDV_20200627T182756_20200627T182821_022223_02A2D5_97B6,train,ac5e85b00197a71et
S1A_IW_GRDH_1SDV_20200707T065014_20200707T065039_033345_03DD0A_71DF,train,e3d9aa7f83854b07t
S1A_IW_GRDH_1SDV_20200416T063206_20200416T063231_032149_03B778_39E8,train,a1dfd3c832f17b5et
S1A_IW_GRDH_1SDV_20200223T062445_20200223T062510_031376_039C79_0284,train,a8bb096f8ee27b50t
S1A_IW_GRDH_1SDV_20201019T182848_20201019T182913_034869_0410A8_C257,train,1a78d90e54c8fceat
S1A_IW_GRDH_1SDV_20201106T063215_20201106T063240_035124_041960_1A76,train,0ba5769a0ba7ea4at
S1B_IW_GRDH_1SDV_20201005T064923_20201005T064948_023674_02CFB0_985D,train,fd7ade6bfba514a7t
S1B_IW_GRDH_1SDV_20200123T182752_20200123T182817_019948_025BC1_C8D0,train,e708a9d9bbf65144t
S1A_IW_GRDH_1SDV_20200907T063214_20200907T063239_034249_03FADB_81A8,train,8a6781613364d055t
S1A_IW_GRDH_1SDV_20200123T063231_20200123T063256_030924_038CB8_D905,train,6de3dd8d23684472t
S1A_IW_GRDH_1SDV_20200901T182847_20200901T182912_034169_03F817_8ED7,train,46354a5328752264t
S1B_IW_GRDH_1SDV_20200122T064101_20200122T064126_019926_025B10_E892,train,9d8690a60069c75bt
S1B_IW_GRDH_1SDV_20200404T182751_20200404T182816_020998_027D4D_A8B9,train,d70d16ddc6ae2d71t
S1B_IW_GRDH_1SDV_20200614T064105_20200614T064130_022026_029CD0_CE42,train,5b1ba006587b2719t
S1A_IW_GRDH_1SDV_20201130T063239_20201130T063304_035474_04258B_6ACC,train,fea6150eac15a9det
S1B_IW_GRDH_1SDV_20200809T182119_20200809T182144_022850_02B604_F8B8,train,578ae5a86cca4a1ct
S1A_IW_GRDH_1SDV_20200324T182103_20200324T182138_031821_03ABFC_CB48,train,b8507a4cc7a04e72t
S1A_IW_GRDH_1SDV_20200516T182841_20200516T182906_032594_03C670_A0C1,train,d516ab18a5559ea9t
S1A_IW_GRDH_1SDV_20201109T180357_20201109T180422_035175_041B34_FD19,train,d89c0f2ec5c4f159t
S1A_IW_GRDH_1SDV_20200214T065009_20200214T065034_031245_0397EF_B280,train,dac8263960d2d8b3t
S1A_IW_GRDH_1SDV_20200316T064109_20200316T064134_031697_03A7A5_3E30,train,adbc789d3c248b30t
S1A_IW_GRDH_1SDV_20200222T182838_20200222T182903_031369_039C41_186F,train,24ffe6419e6a555ft
S1B_IW_GRDH_1SDV_20200709T182756_20200709T182821_022398_02A82A_A046,train,a217df61f185e083t
S1A_IW_GRDH_1SDV_20200122T183641_20200122T183706_030917_038C80_1919,train,26747d479201b01dt
S1B_IW_GRDH_1SDV_20200415T064101_20200415T064126_021151_028225_3F4C,train,bab763815dcb375ct
S1B_IW_GRDH_1SDV_20200923T064948_20200923T065013_023499_02CA2A_C149,train,9db22c8b04f4d851t
S1A_IW_GRDH_1SDV_20201030T064029_20201030T064054_035022_0415E8_3775,train,d9ee1c883eeee604t
S1B_IW_GRDH_1SDV_20200708T064106_20200708T064131_022376_02A77D_4945,train,e237fa73fe7d2606t
S1B_IW_GRDH_1SDV_20201024T064110_20201024T064135_023951_02D859_9ADF,train,6c6d4eeb85912ebbt
S1B_IW_GRDH_1SDV_20200305T063111_20200305T063136_020553_026F28_9A80,train,5dcbc770ae8216f7t
S1B_IW_GRDH_1SDV_20200528T063140_20200528T063205_021778_02955B_4907,train,8c60d6ff6db402fdt
S1B_IW_GRDH_1SDV_20200730T180445_20200730T180509_022704_02B17A_1C80,train,791fe574b453aec3t
S1A_IW_GRDH_1SDV_20200206T061651_20200206T061716_031128_0393E1_519C,train,f3936bffaacaba62t
S1B_IW_GRDH_1SDV_20200130T182043_20200130T182112_020050_025F10_675E,train,e1839b29bdb8784et
S1B_IW_GRDH_1SDV_20200318T181945_20200318T182010_020750_027582_E2EA,train,85fe34d1aee53a7ft
S1A_IW_GRDH_1SDV_20201030T064119_20201030T064144_035022_0415E8_DCF6,train,0edb4a514cda2059t
S1A_IW_GRDH_1SDV_20200210T182838_20200210T182903_031194_03963B_A93C,train,776e4275e3864bf4t
S1B_IW_GRDH_1SDV_20201126T061637_20201126T061702_024432_02E776_C6A1,train,5ce96b81f98e10b1t
S1A_IW_GRDH_1SDV_20200723T061657_20200723T061722_033578_03E42D_2AD5,train,066e06233b18a637t
S1B_IW_GRDH_1SDV_20200427T064102_20200427T064127_021326_0287AB_2B3D,train,7a536b98f97647fft
S1A_IW_GRDH_1SDV_20200304T064044_20200304T064109_031522_03A196_FB77,train,14fd3a1d7421adc3t
S1A_IW_GRDH_1SDV_20201007T182823_20201007T182848_034694_040A85_C243,train,d1e05813c04918a7t
S1A_IW_GRDH_1SDV_20201111T064028_20201111T064053_035197_041C0C_3563,train,b3fab7c013743b66t
S1A_IW_GRDH_1SDV_20201123T064028_20201123T064053_035372_042216_8A2A,train,c8a08a1069c4425ct
S1A_IW_GRDH_1SDV_20200124T182103_20200124T182138_030946_038D87_150C,train,3d4088738ad96e2ft
S1A_IW_GRDH_1SDV_20200915T181213_20200915T181238_034373_03FF3D_B767,train,741e6a842c23cdadt
S1A_IW_GRDH_1SDV_20201030T064054_20201030T064119_035022_0415E8_A012,train,91391abad6e631b0t
S1B_IW_GRDH_1SDV_20200404T182816_20200404T182841_020998_027D4D_37F3,train,6cac412d082f3545t
S1B_IW_GRDH_1SDV_20200628T062304_20200628T062329_022230_02A309_1661,train,2a96e1e4747841a5t
S1A_IW_GRDH_1SDV_20200504T182840_20200504T182905_032419_03C103_7F6F,train,cac3de96657db5d5t
S1A_IW_GRDH_1SDV_20200618T180352_20200618T180417_033075_03D4DD_8A4A,train,8c6b3a041ba1aa4ft
S1A_IW_GRDH_1SDV_20200609T182842_20200609T182907_032944_03D0E0_B05A,train,9b9bc4686a9a9836t
S1B_IW_GRDH_1SDV_20200227T064125_20200227T064150_020451_026BFB_2FF4,train,089f0b9da2bd9135t
S1A_IW_GRDH_1SDV_20200528T182841_20200528T182906_032769_03CBB8_49A1,train,1dc96ae2d71da600t
S1B_IW_GRDH_1SDV_20200714T183542_20200714T183607_022471_02AA5C_7205,train,60d88e85dd804048t
S1A_IW_GRDH_1SDV_20201025T063215_20201025T063240_034949_041360_864A,train,e843f0f1bc39eba0t
S1A_IW_GRDH_1SDV_20200625T065013_20200625T065038_033170_03D7B6_C6B3,train,b57201e9d0f56867t
S1B_IW_GRDH_1SDV_20200918T064110_20200918T064135_023426_02C7F6_7943,train,403fc53a4997293et
S1A_IW_GRDH_1SDV_20200802T063212_20200802T063237_033724_03E89F_CDF2,train,3b2874f0b35f43e1t
S1A_IW_GRDH_1SDV_20201031T182848_20201031T182913_035044_04169D_7496,train,bbb1871646993b03t
S1A_IW_GRDH_1SDV_20201112T182823_20201112T182848_035219_041CBB_9649,train,eceb1884e5d82f4dt
S1A_IW_GRDH_1SDV_20200925T182848_20200925T182913_034519_040460_F7E6,train,ceb5525beabcab49t
S1A_IW_GRDH_1SDV_20200515T064201_20200515T064226_032572_03C5CF_DC72,train,66c3f99ab4d73753t
S1B_IW_GRDH_1SDV_20200428T182752_20200428T182817_021348_02885D_7886,train,685b99498b7f238at
S1B_IW_GRDH_1SDV_20201021T061637_20201021T061702_023907_02D708_9B73,train,bd107d8b11227e84t
S1B_IW_GRDH_1SDV_20200529T182046_20200529T182115_021800_029614_0DDF,train,103b0364a04ffb72t
S1A_IW_GRDH_1SDV_20201206T182847_20201206T182912_035569_0428CC_E076,train,8cbafe5678dfaa68t
S1A_IW_GRDH_1SDV_20201116T065018_20201116T065043_035270_041E8A_3B7C,train,520531f7bd49af0at
S1A_IW_GRDH_1SDV_20200917T065018_20200917T065043_034395_040005_734F,train,c0e514dc994d58e1t
S1B_IW_GRDH_1SDV_20200316T183536_20200316T183601_020721_027481_77F4,train,f9961bf6b79bd903t
S1B_IW_GRDH_1SDV_20200517T182045_20200517T182114_021625_0290E2_838F,train,9c4703bf071fc332t
S1B_IW_GRDH_1SDV_20200518T061605_20200518T061630_021632_029118_17EE,train,1b576e404a94347ft
S1A_IW_GRDH_1SDV_20201105T183650_20201105T183715_035117_041924_224E,train,d7bb346731199e75t
S1B_IW_GRDH_1SDV_20200715T063142_20200715T063207_022478_02AA98_1E45,train,6b048fa8c6026113t
S1A_IW_GRDH_1SDV_20201021T181213_20201021T181238_034898_0411A3_23A9,train,1723551816981769t
S1B_IW_GRDH_1SDV_20201101T182052_20201101T182121_024075_02DC47_4EB1,train,ff38b8d51eae41dat
S1A_IW_GRDH_1SDV_20200422T182839_20200422T182904_032244_03BAD7_AB1D,train,bfabbbabf97d790bt
S1A_IW_GRDH_1SDV_20201014T182113_20201014T182148_034796_040E20_2086,train,7d62d3e8667c59e2t
S1A_IW_GRDH_1SDV_20200727T182845_20200727T182910_033644_03E634_C68F,train,5c0b8bc182426e9bt
S1A_IW_GRDH_1SDV_20200129T182839_20200129T182904_031019_039023_F8E6,train,9248ece0de6d2cc1t
S1A_IW_GRDH_1SDV_20200204T063206_20200204T063231_031099_0392E0_72CB,train,1b9cde9b15c8de8dt
S1B_IW_GRDH_1SDV_20200521T064103_20200521T064128_021676_029257_29A2,train,e5c27b871caed701t
S1B_IW_GRDH_1SDV_20201129T064020_20201129T064045_024476_02E8CA_9643,train,ba737e36cc3bbbd6t
S1A_IW_GRDH_1SDV_20200924T064208_20200924T064233_034497_0403AF_8F76,train,97c29ab9c3a2f16et
S1A_IW_GRDH_1SDV_20200824T065017_20200824T065042_034045_03F3BE_43AD,train,cb614f1bdab8b55at
S1A_IW_GRDH_1SDV_20200603T063234_20200603T063259_032849_03CE08_4720,train,dc9ce5a4575da652t
S1B_IW_GRDH_1SDV_20200723T181204_20200723T181231_022602_02AE58_6B89,train,499f55afff1504e4t
S1A_IW_GRDH_1SDV_20201130T063214_20201130T063239_035474_04258B_F9D1,train,02a23f3b5627213bt
S1B_IW_GRDH_1SDV_20201026T062309_20201026T062334_023980_02D93F_7247,train,25285dd4a014196et
S1B_IW_GRDH_1SDV_20200220T064938_20200220T065003_020349_02689E_582E,train,d3c6506cbc10c9d8t
S1B_IW_GRDH_1SDV_20200930T064110_20200930T064135_023601_02CD71_B195,train,3ee4437aceebd62at
S1B_IW_GRDH_1SDV_20200411T182043_20200411T182112_021100_028095_96D2,train,056b8a6c832e58b8t
S1A_IW_GRDH_1SDV_20200919T063215_20200919T063240_034424_04010F_6FFF,train,c8ca48b000cd8c11t
S1A_IW_GRDH_1SDV_20200929T065018_20200929T065043_034570_04063D_C31D,train,15c5f80e44c85aedt
S1A_IW_GRDH_1SDV_20200309T175708_20200309T175733_031602_03A449_A3F6,train,5fda68bfd1c4a4b9t
S1A_IW_GRDH_1SDV_20200729T181211_20200729T181236_033673_03E713_B9CA,train,9150dcd71d3eb84dt
S1A_IW_GRDH_1SDV_20200627T063235_20200627T063300_033199_03D890_6340,train,565d6f57aa924329t
S1B_IW_GRDH_1SDV_20200715T063117_20200715T063142_022478_02AA98_34D9,train,7c008c1fd6a054b5t
S1B_IW_GRDH_1SDV_20201106T182825_20201106T182850_024148_02DE75_B535,train,156845d347e67d21t
S1A_IW_GRDH_1SDV_20200116T064020_20200116T064045_030822_03893E_5B30,train,c3ae9ea694b0515ct
S1A_IW_GRDH_1SDV_20201119T182112_20201119T182147_035321_042044_0C59,train,36ca6b0a73c90d7ft
S1A_IW_GRDH_1SDV_20201018T064054_20201018T064119_034847_040FFE_BD5C,train,1185066a6428bc12t
S1A_IW_GRDH_1SDV_20201013T063240_20201013T063305_034774_040D4E_7FCE,train,f10aace94f0e71aat
S1A_IW_GRDH_1SDV_20200721T063237_20200721T063302_033549_03E33D_0BF1,train,0469e65162c0b509t
S1A_IW_GRDH_1SDV_20200702T064204_20200702T064229_033272_03DADF_F082,train,efbd281fbbc6aa82t
S1B_IW_GRDH_1SDV_20200511T062302_20200511T062327_021530_028E04_3CCE,train,ef43fc465a606f43t
S1B_IW_GRDH_1SDV_20201031T063211_20201031T063236_024053_02DB82_6073,train,395dcf560a56ff39t
S1B_IW_GRDH_1SDV_20200304T183601_20200304T183626_020546_026EF2_0B4D,train,05ab6883bf6fff9dt
S1B_IW_GRDH_1SDV_20200727T063208_20200727T063233_022653_02AFED_B553,train,5d959d196231886ft
S1B_IW_GRDH_1SDV_20201117T064110_20201117T064135_024301_02E347_C00D,train,821593907c14c5c2t
S1A_IW_GRDH_1SDV_20200316T064134_20200316T064159_031697_03A7A5_CCE3,train,31aa116cf4206abbt
S1B_IW_GRDH_1SDV_20200510T182818_20200510T182843_021523_028DD7_FDFF,train,ca76b5344b7c65b7t
S1A_IW_GRDH_1SDV_20200304T064019_20200304T064044_031522_03A196_D9F7,train,08f0d6cf1c6f8a24t
S1B_IW_GRDH_1SDV_20200117T063137_20200117T063202_019853_0258AC_22AE,train,046f81a551344f8et
S1B_IW_GRDH_1SDV_20200523T062302_20200523T062327_021705_029328_F199,train,fd607095d9c03a3dt
S1A_IW_GRDH_1SDV_20200506T181205_20200506T181230_032448_03C1F6_34A9,train,4cb65eef4af658c0t
S1A_IW_GRDH_1SDV_20200629T061720_20200629T061745_033228_03D97C_5C47,train,0ba924e8cea5521at
S1B_IW_GRDH_1SDV_20200204T182751_20200204T182816_020123_02616B_40F5,train,d722cabda385fe79t
S1B_IW_GRDH_1SDV_20200825T064109_20200825T064134_023076_02BD02_C099,train,ba457551e57dfbbat
S1B_IW_GRDH_1SDV_20200821T182051_20200821T182120_023025_02BB7A_BAD3,train,8f764a5a695ca272t
S1B_IW_GRDH_1SDV_20200806T175532_20200806T175557_022806_02B48B_7CED,train,8de2e8c93fdd9ba6t
S1B_IW_GRDH_1SDV_20200531T180351_20200531T180416_021829_0296F4_270A,train,b5272e098f7c7ff1t
S1A_IW_GRDH_1SDV_20200518T181206_20200518T181231_032623_03C748_BFCE,train,456e5e6bdb01f8cbt
S1A_IW_GRDH_1SDV_20201206T182912_20201206T182937_035569_0428CC_EA27,train,148eb0604dc27f81t
S1B_IW_GRDH_1SDV_20200727T063143_20200727T063208_022653_02AFED_B93A,train,18eae763f0fb9da6t
S1B_IW_GRDH_1SDV_20200723T181139_20200723T181204_022602_02AE58_D4B6,train,1f1ef57de714f5c2t
S1A_IW_GRDH_1SDV_20201031T182913_20201031T182938_035044_04169D_8E50,train,f13b7f0b18085a63t
S1A_IW_GRDH_1SDV_20201124T182912_20201124T182937_035394_0422C5_E61A,train,14cf98f55e11ff77t
S1B_IW_GRDH_1SDV_20200923T175600_20200923T175625_023506_02CA6A_D175,train,3b284508384960c3t
S1A_IW_GRDH_1SDV_20200622T062515_20200622T062540_033126_03D666_0003,train,5b08c2518d12f428t
S1A_IW_GRDH_1SDV_20200228T063205_20200228T063230_031449_039EE9_29E3,train,b0ae857ccb3bf7cat
S1B_IW_GRDH_1SDV_20200509T064102_20200509T064127_021501_028D28_6F1C,train,d3a4f7e784fef3cbt
S1B_IW_GRDH_1SDV_20200914T181954_20200914T182019_023375_02C66A_D521,train,8813221079de23a3t
S1A_IW_GRDH_1SDV_20200417T182104_20200417T182139_032171_03B84C_26D4,train,5520b576b9ec01cbt
S1B_IW_GRDH_1SDV_20200919T182800_20200919T182825_023448_02C8A5_9804,train,9b0047ed225bbb48t
S1B_IW_GRDH_1SDV_20200926T182052_20200926T182121_023550_02CBE7_0065,train,a2d2f88f4e06648bt
S1A_IW_GRDH_1SDV_20201123T064143_20201123T064208_035372_042216_BBA7,train,0db76c51a4705a03t
S1B_IW_GRDH_1SDV_20200318T182043_20200318T182112_020750_027583_995E,train,37e433b85b129c58t
S1A_IW_GRDH_1SDV_20200803T182020_20200803T182045_033746_03E949_6BA7,train,623fc1923a45f720t
S1B_IW_GRDH_1SDV_20200227T063945_20200227T064010_020451_026BFB_0AD6,train,662ae46aea259849t
S1B_IW_GRDH_1SDV_20200403T064101_20200403T064126_020976_027C9A_7F05,train,e60a66b65de9fbact
S1A_IW_GRDH_1SDV_20200908T182112_20200908T182147_034271_03FBA5_AB04,train,f6b5a419821987b9t
S1B_IW_GRDH_1SDV_20200913T063211_20200913T063236_023353_02C5A2_1EB3,train,3225958292ca7026t
S1A_IW_GRDH_1SDV_20200605T061539_20200605T061604_032878_03CEE7_AF2F,train,a4e67518374415e0t
S1B_IW_GRDH_1SDV_20200310T064010_20200310T064035_020626_02718C_4592,train,faf21fcc4268346ft
S1A_IW_GRDH_1SDV_20200117T182839_20200117T182904_030844_0389FB_33AB,train,060add30418568b9t
S1B_IW_GRDH_1SDV_20201024T063955_20201024T064020_023951_02D859_3F30,train,21aa0c9005f6cc48t
S1A_IW_GRDH_1SDV_20200216T063205_20200216T063230_031274_0398EA_467C,train,06cc090e2b8254a0t
S1B_IW_GRDH_1SDV_20201105T064135_20201105T064200_024126_02DDBF_1D46,train,1c4647cd277daa4ft
S1B_IW_GRDH_1SDV_20200713T064919_20200713T064944_022449_02A9AF_ECFF,train,a73dda2cd2e9032ft
S1A_IW_GRDH_1SDV_20200716T062516_20200716T062541_033476_03E10C_332F,train,9089b8058edd2077t
S1A_IW_GRDH_1SDV_20201118T063240_20201118T063305_035299_041F84_9589,train,801619a1ec9fdc55t
S1B_IW_GRDH_1SDV_20200424T061629_20200424T061654_021282_028652_D9F0,train,6cb73d04ce974f63t
S1A_IW_GRDH_1SDV_20200130T062437_20200130T062502_031026_03905A_A257,train,0dd94a7b8484235dt
S1A_IW_GRDH_1SDV_20200221T064134_20200221T064159_031347_039B86_9286,train,a01f78741f8c5fd0t
S1A_IW_GRDH_1SDV_20201118T063215_20201118T063240_035299_041F84_35B9,train,39a6368f2a05dad4t
S1A_IW_GRDH_1SDV_20200715T182844_20200715T182909_033469_03E0D6_FF56,train,db68648691defa60t
S1B_IW_GRDH_1SDV_20200225T180437_20200225T180502_020429_026B52_76FB,train,f1e3a6752bc36801t
S1B_IW_GRDH_1SDV_20200224T061603_20200224T061628_020407_026A9D_391B,train,014261f774287442t
S1A_IW_GRDH_1SDV_20200511T182105_20200511T182140_032521_03C436_DB7B,train,af1dcb34e9004163t
S1A_IW_GRDH_1SDV_20200123T063206_20200123T063231_030924_038CB8_EA7E,train,1832091c9c3235cct
S1B_IW_GRDH_1SDV_20200623T061633_20200623T061658_022157_02A0E0_C277,train,5d82450b8170a3f6t
S1A_IW_GRDH_1SDV_20200901T182822_20200901T182847_034169_03F817_7944,train,883f58dc6520954ct
S1B_IW_GRDH_1SDV_20200610T182047_20200610T182116_021975_029B51_B472,train,4e0d962071553392t
S1A_IW_GRDH_1SDV_20200221T064044_20200221T064109_031347_039B86_90D3,train,dec94fc54f0a3ed0t
S1A_IW_GRDH_1SDV_20200912T064208_20200912T064233_034322_03FD82_F4E7,train,ff3ca85afae81988t
S1B_IW_GRDH_1SDV_20200722T062446_20200722T062511_022580_02ADAC_0373,train,376ccdadb72ceb7ct
S1B_IW_GRDH_1SDV_20201206T063210_20201206T063235_024578_02EC08_C671,train,8b50b02886bea2bat
S1A_IW_GRDH_1SDV_20200726T064140_20200726T064205_033622_03E596_B121,train,56845bb84513029et
S1A_IW_GRDH_1SDV_20201013T063215_20201013T063240_034774_040D4E_F58E,train,aa10fadb6bc7eb21t
S1A_IW_GRDH_1SDV_20200329T182839_20200329T182904_031894_03AE83_F2ED,train,17154479bdaed9d6t
S1A_IW_GRDH_1SDV_20200116T064200_20200116T064225_030822_03893E_B892,train,4c4af230613862fat
S1B_IW_GRDH_1SDV_20200614T064130_20200614T064155_022026_029CD0_A01D,train,695846e152fac09ft
S1B_IW_GRDH_1SDV_20200329T063202_20200329T063227_020903_027A3B_6AD8,train,8ea7a53ff471dcc0t
S1B_IW_GRDH_1SDV_20201129T064110_20201129T064135_024476_02E8CA_FDB8,train,82bf03b374aa66cat
S1B_IW_GRDH_1SDV_20200222T063201_20200222T063226_020378_026995_D2F2,train,ba75b20794776e82t
S1A_IW_GRDH_1SDV_20200807T064051_20200807T064116_033797_03EB13_60F4,train,689303f07e882115t
S1B_IW_GRDH_1SDV_20201113T182052_20201113T182121_024250_02E1B9_1B87,train,b0d9965dde8d5276t
S1B_IW_GRDH_1SDV_20200718T180444_20200718T180509_022529_02AC26_F0E0,train,59956f169e0bef5ct
S1A_IW_GRDH_1SDV_20200809T062453_20200809T062518_033826_03EC05_FE45,train,08f46b67e01aa8bft
S1B_IW_GRDH_1SDV_20200308T180413_20200308T180438_020604_0270E7_FDA0,train,ced7ae4f740a9eb7t
S1B_IW_GRDH_1SDV_20201124T063301_20201124T063326_024403_02E679_D304,train,bd935f0ae1205861t
S1A_IW_GRDH_1SDV_20201111T064208_20201111T064233_035197_041C0C_F601,train,38f9472cabab9764t
S1B_IW_GRDH_1SDV_20201005T064948_20201005T065013_023674_02CFB0_FCB4,train,df48585ad23cb680t
S1B_IW_GRDH_1SDV_20200429T062441_20200429T062506_021355_02888B_587F,train,d26dc44da7986edbt
S1B_IW_GRDH_1SDV_20201111T183545_20201111T183610_024221_02E0B3_F027,train,811cd2e1a74f4a1bt
S1B_IW_GRDH_1SDV_20200901T063120_20200901T063145_023178_02C029_FFA8,train,611e0030483c714bt
S1A_IW_GRDH_1SDV_20201124T182847_20201124T182912_035394_0422C5_802E,train,896ce26722571c56t
S1B_IW_GRDH_1SDV_20200522T182753_20200522T182818_021698_0292FC_C51A,train,736395c42c565615t
S1A_IW_GRDH_1SDV_20200821T062428_20200821T062453_034001_03F22A_42CE,train,14b244680afe447ct
S1B_IW_GRDH_1SDV_20201130T182800_20201130T182825_024498_02E984_1B49,train,70c22e83de0db11dt
S1B_IW_GRDH_1SDV_20200801T064017_20200801T064042_022726_02B218_A6C3,train,41487f7fc75d4061t
S1A_IW_GRDH_1SDV_20200323T063205_20200323T063230_031799_03AB2B_C194,train,923ff111568e0d18t
S1A_IW_GRDH_1SDV_20200703T182843_20200703T182908_033294_03DB7F_5F1F,train,c6a5bb44be16ead4t
S1B_IW_GRDH_1SDV_20200528T063205_20200528T063230_021778_02955B_D1DF,train,36f65996e2b0c370t
S1A_IW_GRDH_1SDV_20201112T182848_20201112T182913_035219_041CBB_4402,train,4ed8885dcab1951at
S1A_IW_GRDH_1SDV_20200405T182103_20200405T182138_031996_03B21D_87EF,train,9ec616cf6e471491t
S1A_IW_GRDH_1SDV_20200206T061626_20200206T061651_031128_0393E1_2A43,train,030dfda192b77462t
S1B_IW_GRDH_1SDV_20201030T183546_20201030T183611_024046_02DB4C_C118,train,3ffac35c219ec78dt
S1B_IW_GRDH_1SDV_20200312T062300_20200312T062325_020655_02726D_9B5E,train,8902ea166d048743t
S1B_IW_GRDH_1SDV_20200217T062300_20200217T062325_020305_026740_D421,train,43a358383ba8a35et
S1A_IW_GRDH_1SDV_20200722T182019_20200722T182044_033571_03E3F2_D9E3,train,b66c1417177840b0t
S1B_IW_GRDH_1SDV_20200602T064104_20200602T064129_021851_029791_CE3E,train,1630d57d3094f376t
S1B_IW_GRDH_1SDV_20200129T063252_20200129T063317_020028_025E45_2BE0,train,eacb90c9b9b80205t
S1B_IW_GRDH_1SDV_20200907T182800_20200907T182825_023273_02C32A_7102,train,3d6d9b174ccae548t
S1A_IW_GRDH_1SDV_20200223T062355_20200223T062420_031376_039C79_F092,train,b418443b9491321ct
S1B_IW_GRDH_1SDV_20201019T063211_20201019T063236_023878_02D600_C3A1,train,fcb087ef16a3268et
S1B_IW_GRDH_1SDV_20200221T183536_20200221T183601_020371_02695B_B3CD,train,0d64d7c560136c46t
S1B_IW_GRDH_1SDV_20200803T075721_20200803T075746_022756_02B2FF_033A,validation,5c3d986db930f848v
S1A_IW_GRDH_1SDV_20200706T074222_20200706T074242_033331_03DC92_E012,validation,cdc04ca397865356v
S1A_IW_GRDH_1SDV_20200421T050340_20200421T050405_032221_03BA14_CCA3,validation,3808f5703f0920bfv
S1A_IW_GRDH_1SDV_20200807T050321_20200807T050346_033796_03EB07_3170,validation,487b4884f467c94av
S1B_IW_GRDH_1SDV_20200511T062007_20200511T062032_021530_028E04_C616,validation,6a2b6ddecd398c6fv
S1B_IW_GRDH_1SDV_20200527T054813_20200527T054838_021763_0294E5_40F3,validation,9c418af4acd217d1v
S1B_IW_GRDH_1SDV_20200905T055557_20200905T055622_023236_02C208_9FE2,validation,9ea5029406691ce4v
S1A_IW_GRDH_1SDV_20200522T050605_20200522T050630_032673_03C8C7_2055,validation,75c03770095c6d9ev
S1B_IW_GRDH_1SDV_20200912T054754_20200912T054819_023338_02C52B_F9AA,validation,cd4f6ff86f9f5991v
S1B_IW_GRDH_1SDV_20201018T054754_20201018T054819_023863_02D58D_CCCF,validation,335f9a411884e9cbv
S1B_IW_GRDH_1SDV_20200807T054817_20200807T054842_022813_02B4C5_427B,validation,eeddcc0db3cff0d8v
S1B_IW_GRDH_1SDV_20200807T054752_20200807T054817_022813_02B4C5_9152,validation,a6073537a4ea5fb9v
S1B_IW_GRDH_1SDV_20200831T054753_20200831T054818_023163_02BFB2_EBE9,validation,e40c9251a4fce150v
S1B_IW_GRDH_1SDV_20200922T060416_20200922T060441_023484_02C9BF_7889,validation,204e657a411faf4dv
S1A_IW_GRDH_1SDV_20200403T054836_20200403T054901_031959_03B0CA_B9A4,validation,4a97701b4bd81bf7v
S1B_IW_GRDH_1SDV_20200719T055554_20200719T055619_022536_02AC5E_4DD3,validation,2e80028071b89173v
S1B_IW_GRDH_1SDV_20200221T054745_20200221T054810_020363_026919_B169,validation,39268d50efe8dae9v
S1A_IW_GRDH_1SDV_20200427T054836_20200427T054901_032309_03BD1A_2692,validation,f298dbd78ef977d5v
S1B_IW_GRDH_1SDV_20200929T170921_20200929T170946_023593_02CD35_8971,validation,c5ea6da5405bfac0v
S1B_IW_GRDH_1SDV_20200402T170912_20200402T170937_020968_027C5A_D1AB,validation,a9a58462f221a9eev
S1B_IW_GRDH_1SDV_20200726T165740_20200726T165805_022645_02AFAD_1863,validation,f9eb760aaf6e798dv
S1A_IW_GRDH_1SDV_20200427T054901_20200427T054926_032309_03BD1A_006F,validation,cd36e75010a021f7v
S1A_IW_GRDH_1SDV_20200520T051117_20200520T051142_032644_03C7E8_CA25,validation,fe6a8d80fb5ebb8ev
S1A_IW_GRDH_1SDV_20200928T171800_20200928T171831_034562_0405EA_F164,validation,fc2f57371370c521v
S1A_IW_GRDH_1SDV_20200910T053004_20200910T053033_034292_03FC65_77DE,validation,4da9db72dea50504v
S1A_IW_GRDH_1SDV_20200126T052956_20200126T053025_030967_038E50_B43E,validation,b1844cde847a3942v
S1B_IW_GRDH_1SDV_20200826T054008_20200826T054033_023090_02BD74_B091,validation,c8bbfb37522617e9v
S1A_IW_GRDH_1SDV_20200501T051927_20200501T051952_032367_03BF2F_4157,validation,264ed833a13b7f2av
S1A_IW_GRDH_1SDV_20200904T171759_20200904T171831_034212_03F991_B096,validation,5e9a2c1bcf179e9bv
S1A_IW_GRDH_1SDV_20200321T174431_20200321T174456_031777_03AA65_8AB1,validation,758991708403f218v
S1A_IW_GRDH_1SDV_20200126T175311_20200126T175336_030975_038E94_BAE3,validation,844545c005776fb1v
S1B_IW_GRDH_1SDV_20200620T165738_20200620T165803_022120_029FAC_17D8,validation,8204efcfe9f09f94v
S1A_IW_GRDH_1SDV_20200503T051344_20200503T051413_032396_03C03F_AC94,validation,3ceef682fbe4930av
S1A_IW_GRDH_1SDV_20200824T052155_20200824T052224_034044_03F3B6_6212,validation,0e309957cef7bdc8v
S1A_IW_GRDH_1SDV_20200613T051118_20200613T051143_032994_03D25F_C80A,validation,36076e547370064ev
S1A_IW_GRDH_1SDV_20201121T175320_20201121T175345_035350_04214D_0CE8,validation,65d6f6baee882077v
S1A_IW_GRDH_1SDV_20200414T174432_20200414T174457_032127_03B6BD_C3BA,validation,fc483682c621b54bv
S1A_IW_GRDH_1SDV_20200724T053002_20200724T053031_033592_03E4A8_3B8B,validation,590dd08f71056cacv
S1A_IW_GRDH_1SDV_20200226T052146_20200226T052215_031419_039DEC_689A,validation,0157baf3866b2cf9v
S1A_IW_GRDH_1SDV_20200618T051930_20200618T051955_033067_03D4A2_4569,validation,13dd786ee6c95e06v
S1A_IW_GRDH_1SDV_20200214T174431_20200214T174456_031252_03982E_1024,validation,a1a21a222e244555v
S1A_IW_GRDH_1SDV_20200731T051121_20200731T051146_033694_03E7BB_F7D2,validation,3fe00bf7beab8812v
S1A_IW_GRDH_1SDV_20200630T053000_20200630T053029_033242_03D9F7_2A78,validation,9b89b9dcce7dc85ev
S1B_IW_GRDH_1SDV_20201013T054010_20201013T054035_023790_02D350_506A,validation,94dca5e4de2edcf8v
S1B_IW_GRDH_1SDV_20200514T051034_20200514T051059_021573_028F48_8C43,validation,0d8ed29b0760dc59v
S1B_IW_GRDH_1SDV_20200823T051852_20200823T051917_023046_02BC20_01ED,validation,9a5aa7310c195f14v
S1B_IW_GRDH_1SDV_20200615T054004_20200615T054029_022040_029D41_AA74,validation,acf76647ba3f524bv
S1A_IW_GRDH_1SDV_20200907T050726_20200907T050751_034248_03FAD3_34CA,validation,128443d1e98e2839v
S1A_IW_GRDH_1SDV_20200831T051420_20200831T051445_034146_03F756_6D5E,validation,7b7e837a7ac5a880v
S1A_IW_GRDH_1SDV_20200407T052956_20200407T053025_032017_03B2E2_D038,validation,377410f6ab9824dfv